ANAL_CODE,KEYWORD_GUBUN,SITE_GUBUN,RLT_VALUE_01,RLT_VALUE_02,RLT_VALUE_03,RLT_VALUE_04,RLT_VALUE_05,RLT_VALUE_06,RLT_VALUE_07,RLT_VALUE_08,RLT_VALUE_09,RLT_VALUE_10
ANAL-211104-0025,0,0,의자,좋네요,좋아요,정말,너무,3.49,3.03,2.79,2.34,2.03
ANAL-211104-0025,1,0,더 낮은 가격으로 된 의자발캡도 있는데 금방 벗겨지고 밀착력이 낮습니다이 상품은 한 번 끼면 벗겨지지 않아 걱정이 안되네요,의자 발이 뾰족해서 아이발이 자주 다쳐서 속상했는데 의자발캡이 안정적으로 보호가 잘 되었네요,바닥이 원목마루라 엄청 조심했는데 이제 맘 편히 의자를 끌었다가 놨다,나무의자 발 밑에 플라스틱이 되어 있어 장판이 잘 찍혔는데 너무 만족 스럽습니다,여러 의자발캡을 써봤지만 다  얼마 못가서 벗겨지던데 이거는 착 감기는게 너무 만족 스럽습니다,,,,,
ANAL-211104-0225,0,0,좋아요,만족,좋고,깔끔,,2.8,1.02,0.72,0.35,
ANAL-211104-0225,1,0,칼이 무거워서 떨어지지 않을까 걱정했는데 자력이 강해서 떨어질 일은 없을 것 같아요,흰색이라 더 좋고 적당한 사이즈라 부다없어요,잘 붙어요,칼을 늘어 놓는게 좀 이상했는데 쓰기도 편하고 제법 깔끔합니다,40하길 잘했네요,,,,,
ANAL-211104-0031,0,1,너무,의자,냄새가,좋아요,다시,6.07,3.08,2.7,1.84,1.67
ANAL-211104-0031,1,1,3주동안이나 베란다에서 냄새를 뺐는데도 도저히 안빠져서 그냥 버렸어요,다이소 괜히 갔음 이게 제일 좋음,뭐지하고 보니안쪽에 갈색의 신발에 껌 붙고 흙위에 올라가면 볼수 있는 그런형태의 고무 뭉탱이 같기도 곰팡인가 싶기도 한 갈색 똥 무언가가 잔뜩 붙어 있어서 가루도 떨어지고 의자 다리에 다 묻어요,확실한나무바닥의자다리보호편안해지는마음진짜 의자에 의자 끄는 소리에 예민하신 분이라면 반드시 추천합니다이번에 집에 식탁과 의자를 구입했는데나무바닥에 움직일때마다 끄윽 끄윽소리가 나니 나무바닥은 나무바닥 나름대로 상처가 날까봐 걱정이 되고새로 산 의자도 기스가 나지 않을까 걱정이되더라구요물론 체어슈즈로 예쁜 천의 제품도 많지만다이소에서 이것저것 다 사용해봤어요붙이는 스티커식은 결국 먼지를 많이 달고 떨어져나가고씌우는 예쁜 디자인의 천은 예쁘지만 길지 않으면 벗겨지고 완전한 보호막 기능을 하지는 않더라구요그래서 찾던중 이 테니스공을 체어슈즈로사용했어요,오염되어 있는 공도 2개나 있고 검은 가루도 떨어지는데 하나 개봉해버려서 반품은 어려울거 같아 다 버리고 다른 제품으로 다시 주문했어요,,,,,
ANAL-211104-0039,0,1,벽에,너무,좋아,붙여,,2.74,2.24,1.03,0.68,
ANAL-211104-0039,1,1,단순하고 흰색인걸 찾았는데 야구공이 최선이네요방문뒤 세곳과 세탁기 문여는 곳 4곳에 각각 붙였더니 너무 좋네요,문손잡이가 벽에 너무 퍽퍽 부딪혀대서 다이소에서 이것저것 사다 붙여봤는데 너무 맘에 안들고그러다 쿠팡에서 검색해 보고 구매했는데너무 맘에 들어요,적당히 단단한 쿠션감이 있습니다흰 벽에 붙여놓으니 상당히 귀엽네요,,,,,,,
ANAL-211104-0024,0,1,좋아요,의자,소리,,,1.59,1.55,1.25,,
ANAL-211104-0024,1,1,가격대비 아주 좋은 상품이며 빠른배송 또한 맘에 드네요사용해보고 맘에 들어서 또 다시 구매했습니다,이케아 식탁의자를 샀는데 움직일때마다 소리가 나서 거슬린다 싶어 주문했습니다,치수는안맞는데 그래도 잘 끼워서 쓰고있어요,,,,,,,
ANAL-211104-0178,0,0,좋아요,와인잔,사용하,깔끔,,3.77,1.06,0.79,0.71,
ANAL-211104-0178,1,0,여러모로 잘 사용하고있어요,와인잔말고 작은도자기잔도 들어가서 너무좋아요,재구매아주 잘 사용하고있어요,좋아요,이전에 구매후기를안적었네요,,,,,
ANAL-211104-0178,1,1,와인잔이 많아 씽크대를 정리하기 어려웠었는데 잔들을 깔끔하게 정리할 수 있어서 좋아요다만 저희 씽크대에는 약간 헐거워요 그래도 그냥 잔을 정리하는 것보다 와인 걸이에 정리하니 깔끔해서 보기 좋아요 잔 꺼내기도 편하구요 스텔라 맥주잔도 같이 걸었어요 더 구매해야겠어요,아주잘걸려있습니다싱크대 색이랑도 잘 맞고 와인잔도 잘 걸려 있고 무엇보다 나사를 박지 않아서 좋습니다,,,,,,,,
ANAL-211104-0160,0,0,냄새가,좋아요,음식물,쓰레기통,바로,2.4,2.12,1.74,1.72,1.32
ANAL-211104-0160,1,0,냄새나는거 버렸다 한번씩 열면 올라오는냄새에 깜짝 놀랄정도로 냄새가 밖으로 안나와요비슷한것들 저렴한것도 있는데 이거 사길 잘했어요,디자인은 심플 용량은 중사이즈 바나나 껍질 10개정도 들어가면 풀 뚜껑 슬라이딩감은 썩 부드럽진 않음,편해요,냄새가 하나도 안나요,오랜시간 기달려서 주문하고 받았는데 새집에 잘어울려요,,,,,
ANAL-211104-0160,0,1,쓰레기통,음식물,크게,있어,자체,3.4,2.16,1.82,1.47,1.21
ANAL-211104-0160,1,1,디자인넘깔끔해서좋아요본가에서 부모님 사용하면 좋을것같아서 구매해드렸어요추석에 방문해서 봤는데 거는것도 쉽게 걸 수 있구 쓰레기봉투도 동봉되어있는것같더라구요,싱크대에 걸고 사용할 수 있어서 쓰레기를 바로바로 버리기 편하고 좋아요,모던자취방의완성자취방에 쓰레기통이 베란다에있어서그냥 씽크대에 비닐봉지 걸어놓고 사용했엇는데좋은거 발견해서 일단 구매해봤어요생각보다 대만족중입니다사진에는 저희고양이 특별출연쓰무게감도 있고 음식물 쓰레기 냄새도 안나게 위에 뚜껑도 잘 밀폐되네요디자인도 이쁘고 너무좋아요,가뜩이나좁은싱크대이젠음쓰봉따로보관가능너무 마음에 듭니다싱크대에 걸어놓았는데 설거지할때 음식물쓰레기에 물이 들어갈 걱정없어서 좋구요설거지 공간을 온전히 그릇과 컵한테 내어줄 수 있어서 좋아요그리고 쓰레기통 안에 쓰레기봉투가 있네요,크게 도움이 될지는 좀 더 지켜봐야 하겠지만요 비닐도 밑에 넣어뒀다가 그때그때 뽑아 쓸 수 있어 좋아요,,,,,
ANAL-211104-0006,0,0,배송,너무,코알라,좋네요,좋아,2.43,1.83,1.66,1.65,1.14
ANAL-211104-0006,1,0,저희집  강아지 통로를위해구매했는데   생각보다 너무좋아요튼튼하고   귀엽기까지  빈틈조절하기 좋네요,빠른배송,너무 예쁘고 실용적이에요,바람불어도 틈이 생겨서 닫혀서 좋아요,문틈에일자로붙이는것도사용해봤는데  이게훨씬간편하고좋은것같아요,,,,,
ANAL-211104-0006,0,1,좋아요,문에,너무,좋네요,문이,4.64,3.7,3.0,2.92,2.91
ANAL-211104-0006,1,1,급하게 필요해서 로켓으로 시켰어요,생각보다 튼튼하고 문에 낄때 짱짱하고 좋네요,그런데 색깔이 노랗고 귀여운 모양이라 그런지 오히려 문 주변에 매달려서 빼달라고해서 덜 사용하게 돼요개인적으로 무늬없이 무난한모양이 더 좋을듯 해요,아직까지 부러진것 없이 잘쓰고 있어요,아기있는집필수품첨엔 방문 쾅다되는게 걱정되서 샀는데 문열어놓고 환기시키고 할때 아기가 경첩이라고 하나요,,,,,
ANAL-211104-0237,0,0,샘플,있어서,생각보다,좋아요,좋았어요,6.67,2.27,2.06,2.03,1.89
ANAL-211104-0237,1,0,받아보고 미관상 좋진 않았지만 샘플 덕분에 매트를 잘 비교했습니다,윗면 복원력이 어느정도 있는 제품이라 좋네요,샘플잘받았습니다,대신 복원력이 떨어지고 손톱에도 쉽게 자국이 남아요,샘플을 이렇게 큰사이즈로 주시다니 좋네요,,,,,
ANAL-211104-0071,0,0,모기,좋아요,아직,너무,아기,10.55,9.52,8.85,6.77,4.89
ANAL-211104-0071,1,0,어차피 디자인때문에 샀으니 이것만으로도 5점 충분하다고 생각합미댜,아직 사용전이긴한데 디자인 너무 귀여워요,어제도착했어요,아이들꺼 두개 구매하면서 조카도 선물로 주려고 같이 샀어요,산소갈때도 써보고 밭일 할때도 썼는데 확실히 효과있어요,,,,,
ANAL-211104-0071,1,1,어떻게 이럴수있죠 팔찌를 시켰더니 리필만 와서 두번을 교환했는데 마지막까지 리필만 오네요 팔찌는 아예 안주시는 건가요 이제포기하고 취소합니다 세번이나 같은 리필만 오다니 정말 충격적이네요,기여움이 다했다나따시 20대 여자임일하는 회사에 모기가 너무 많아서 스트레스 받다가 시켰는데향도 좋고 너무너무너무너무 귀엽따팔찌로 찬 팔은 확실히 모기가 안물림거기빼고 다 물림아가는 작으니까 전체가 안물릴 수도 있겠다 싶기는 함너무 기여워서 귀여운걸로 회사 언니들 다 영입함,,,,,,,,
ANAL-211104-0030,0,0,좋아요,먼지,의자가,부드럽게,않고,4.56,2.29,2.28,2.26,1.2
ANAL-211104-0030,1,0,SAFE4U 먼지가 붙지않는 불소수지 의자발캡 원형25mm 새로 구입한 바체어가 움직일때마다 소리가 크게 나서 폭풍검색 후 구입했습니다,제품 깔끔하고 좋네요크기도 딱 맞고 바닥 스크래치 방지를 위해 샀는데 의자 밀 때 소리도 나지 않고 좋습니다,미끄럽지도 않고 잘 사용할 수 있습니다,의자가 얼음빙판에 있는것처럼 미끄러져요,기존에 쓰고 있었던거라 상품성은 알고 있었습니당 일단 소리도 안나고 부드럽게 밀리고 먼지 안붙는게 제일 좋아요,,,,,
ANAL-211104-0030,0,1,좋아요,,,,,1.3,,,,
ANAL-211104-0030,1,1,굿주방바닥이 타일이라 일반소음방지는 오히려 의자가 너무 안끌려서안움직여서힘들었는데 이건 잘 움직이고 소음도 방지되서 좋아요,먼지가달라붙지않는소재가좋은제품입니다의자발 커버에 먼지가 달라붙지 않고 커버 밑면을 매끄러운 소재를 사용해서 의자를 밀거나 당길때 뻑뻑하지 않아서 편하고 좋아요,,,,,,,,
ANAL-211104-0092,0,0,좋아요,전선,,,,1.37,1.0,,,
ANAL-211104-0092,1,0,작은 컴퓨터 선이라 이정도만 구입해도 충분하네요,괜찮네요,,,,,,,,
ANAL-211104-0092,0,1,좋아요,깔끔하게,전선,너무,정리,3.77,3.39,2.94,2.9,2.47
ANAL-211104-0092,1,1,전선이 안보이니 속이 다 후련합니다,여기만있는줄안고 샀는데 생각보다 오프라인에서 많이파네요,스티커아쉽나머지는만족간단하게 잘라서 쓸수있는 상품이고 샤진에 보이는 무늬는 뚜껑에 스티커처럼 붙혀져있더군요,업소에서 사용중입니다크기가 좀 있는 편이라 받아보신 후 자를 수 있는 공구가 있으신 분들은 지르시고 그렇지 않으신 분들은 꼭 설치할 곳의 사이즈를 측정 후 구입하시기 바랍니다,좀 큰 전선 콘센트 전선 두개 넣으면 딱 맞는 크기에요밑에 접착이 너무 세면 바닥 망가질까봐 걱정 했는데 정말 접착이 그냥 그래서 오히려 더 맘에 들어요없는것 도 아니고 살짝만 자리 유지 하는 정도에요,,,,,
ANAL-211104-0140,0,0,좋아요,튼튼,아주,너무,설치,3.0,2.1,2.07,1.38,1.2
ANAL-211104-0140,1,0,튼튼하고 좋아요,없는것 보다야 낫겠죠못없이 설치 가능한게 좋아요,아주 잘쓰고있어요,재구매튼튼해서 두개나 시켰어요,남편이 이게 최고래요세폴보다 좋아요친정에도 설치하려고 샀어요짱,,,,,
ANAL-211104-0140,1,1,튼튼하고 설치도 쉽고 다른 안전문에 비해 턱이 낮아 다니기는 좋지만 문을 들어올려서 열어야하는 점이 조금 불편해요 처음에는 적응안되서 양손으로 열었는데 지금은 한손으로도 힘이 조금 들지만 가능은 합니다 아기가 혼자서는 절대 열지 못할 것 같아요,견고하고설치가간편함원래있던 안전가드보다 훨씬 튼튼해요신생아일때 반려동물이 있으면 친해지기 전까지는 유용하게 사용할수 있을거같아요제품 설치도 간단하고 화이트색상이라 인테리어에 영향도 없어서 오래 쓸 것 같아요,든든하고좋아요,,,,,,,
ANAL-211104-0022,0,0,좋아요,소리,의자,너무,만족합니다,17.55,6.45,5.71,5.6,5.18
ANAL-211104-0022,1,0,항상쓰는거예요,원래 사용 하던 재품이예요,반신반의했는데  꽉 끼어지기도하고  정말 소리가 안나네요,자로 센치 측정하고 구매했는데  생각보다 너무 작은게 와서 놀랐네요,의자 끌때마다 소리가 나서 아랫집한테 미안하고 스트레스였는데상품 넘 좋아요,,,,,
ANAL-211104-0022,0,1,의자,좋아요,소리,너무,사이즈,27.48,25.55,15.95,13.31,9.41
ANAL-211104-0022,1,1,의자가 무거워 움직일때마다 소리가 나서 신경 쓰였는데 끼우고 나니 부드럽게 움직이고 소리도 전혀 안 나서 정말 좋습니다,의자 끄는 소리 때문에 아랫집에 혹여 피해를 줄까싶어 구매했어요,끌어도 소리 안나서 이제 안심이예요,넘좋아요바닥에 긁힘이나 자국이 나지않고 의자 끄는 소리도 나지 않아요,30mm 내외 5mm정도까지 사용가능합니다30mm 이하면 한사이즈 작은거 사용해도 될꺼 같네요,,,,,
ANAL-211104-0086,0,1,콘센트,양면테이프,너무,아기,떨어지,3.29,2.44,2.09,1.7,1.39
ANAL-211104-0086,1,1,뜯어서 부착해봐야 아는건데완전 몹쓸 상태 이쁘기만하구 붙이자말자 떨어지고 사용해봤으니 반품도 못하구 돈만 버린격이에요,안맞아요,접착력거의0첫번째꺼 붙이고 두번째꺼 붙이고있음,접착력 진짜 안좋아요,재포장 제품을 새제품으로 보내면서 양면테이프 하나도 안붙이고 보낸건가요,,,,,
ANAL-211104-0138,0,0,좋아요,설치,너무,아기가,튼튼,22.44,18.99,16.02,13.24,10.67
ANAL-211104-0138,1,0,재구매7개월아기 안전을 위해 현관과 주방 막으려고 샀어요,강아지가 안 나가요,너무 좋아요,아주 좋아요,생각보다 튼튼한거 같고 일직선 아닌 곳에 설치하기 너무 좋네요,,,,,
ANAL-211104-0138,0,1,너무,설치,안전문,아기가,벽에,8.55,7.86,6.19,5.83,4.32
ANAL-211104-0138,1,1,감사합니다,중고물품을산것같아요급하게 필요해서 늘 감사한 로켓배송으로 주문했습니다제품은 빠르게왔지만 반품된 물건 또는 전시상품을 보내주신 것 같네요,허술해보이지만꽤묵직하고튼튼합니다쓰레기 버리는 날이라 현관이 도둑든거마냥 보이네요,중문이없어낙상할까봐설치아기가 걸어다니면서 안돌아다니는 곳이 없네요,약 10mm좀 비싸고 부품도 따로 살수는 없지만 그래도 이만한 제품은 없네요,,,,,
ANAL-211104-0010,0,0,좋아요,아기가,좋네요,너무,배송,17.33,5.13,5.09,4.76,3.88
ANAL-211104-0010,1,0,귀여워요,괜찮아요,붙여놓으니 떨어지지도않고 애기가 딱 거기 머리박앗는데 안울었어요,감사합니다,제품 너무 좋습니다,,,,,
ANAL-211104-0010,0,1,바람,오래,문에,다른,하루만에,1.93,1.67,1.58,1.46,1.34
ANAL-211104-0010,1,1,뺐다 여러번 했더니 한개가 반토막 나서 버렸어요,우리집문에 꼭 맞지않아요,오래쓰길기대해봅니다색상이이뻐요물렁하고만졌을때느낌이부드럽고좋아요,하루만에 뿌러졌어요,그리구 오래쓰면 지속적으로 끼워지는 부분은 찢어 지더라 구요,,,,,
ANAL-211104-0195,0,0,너무,좋아요,맘에,조립,제품도,3.59,3.5,1.92,1.55,1.25
ANAL-211104-0195,1,0,디자인을 잘못보고 그냥 후딱 주문한 제탓이지만요 아기캐어나면 쓰려고 다른것하고 합배송하느라 시켰는데 맨위칸이 그냥 납작한 상판이라 불편할듯  바구니 놓고 사용해야겠네요,깔끔하고 세심한 포장상태와 드라이버가 들어있다는 점에서 조금 감동했어요,요리할때 주방공간이 너무 좁아서 불편했는데 잠시 위에 놓아두기도 하고 자주 사용하는 조미료나 간식거리도 같이 보관 할 수 있어서 너무 좋네요,조립하는 공구까지 들어있어서 변하게 조립 잘 했네요,저는 그냥 다용도 수납함으로 쓰려고 구매했습니다,,,,,
ANAL-211104-0195,1,1,만족스런트롤리현관입구에 두고 마스크정리함으로 쓰려고 주문했어요여자혼자 조립하기도 쉽고 바퀴가 있어서 이동도 편리해요맘에들어요 추천합니다,너무마음에들어요로켓배송답게 배송은 빨랐구요쇼파 옆에 작은 화분 두려고 화분다이화분받침대 등등 검색해보다가 트롤리까지 검색하게됐어요착한 가격에 심플한 디자인에 반해 주문해보았는데 역시나 받아보고나니 마음에 쏙 들어요여자가 혼자 조립해도 될 정도로 조립이 쉽구요최근에 바닥 공사를 해서 마루가 긁히면 너무 속상할텐데 다행히 바퀴가 소음없이 부드럽게 잘 굴러가네요맨 윗칸에 손잡이 구멍이 있어서 거기 잡고 끌면 되요사진은 트롤리 조립하자마자 찍은거라 화분만 올려두었는데칸칸마다 각자 상황에 맞게 물품 수납해도 되겠어요기저귀나 물티슈 손수건 올려둬도 괜찮고주방에서 라면이나 통조림 보관으로 써도 되고아이방에 물감이나 스케치북 등등 교구 보관해도 되구사용가능한 물품이 어마어마 하네요,바퀴가 달려있어 이동이 편리하고 수납바구니가 있어 여러가지 소품 놓기에 최고인듯해요위에는 선반으로 되어있어 화분이나 인테리어 소품 놓기 좋아요,,,,,,,
ANAL-211104-0268,0,0,변기,좋아요,가격,괜찮,,1.6,1.58,0.82,0.69,
ANAL-211104-0268,1,0,변기에 안맞을까봐 고민했는데  헐렁하기는 하지만 맞네요,좋아요,비데에도 속들어가서 좋아요,디자인은 맘에 드는데 남자아이가 사용하기에는 불편할 것 같아요,아기 변기에 따로 용변을 보다가 어른 변기에도 연습 삼아 배변 훈련 하기 위해서 샀어요,,,,,
ANAL-211104-0268,0,1,그래도,변기,아기,좋네요,좋아요,1.94,1.74,1.45,1.44,1.42
ANAL-211104-0268,1,1,변기에안맞아요잘받았어요,저렴한 녀석이라 양 옆에 손잡이가 없어서 변기를 잡게 해야하는데 그래도 어른꺼보다는 애들꺼가 더 깨끗할테니 괜찮겠죠,좋아요넘 귀엽고 색도 이쁘고 비데변기에도 크기가 잘 맞아요,아기변기쓰다가  어른변기 에 앉겠다해서 샀는데변기마다틀려서인지 아이 엉덩이 좀 만움직이면 빠질같음,사용해보니 괜찮아서 친정에서 쓰려고 하나 더 구입했어요,,,,,
ANAL-211104-0155,0,0,좋아,거품,너무,아이가,향도,74.44,72.46,63.73,53.71,39.46
ANAL-211104-0155,1,0,거품도 쫀쫀하고 풍성하고 향도 강하지않고 좋아요,이번엔 자몽향으루 사밧어요,BEST6살아이 혼자 30분동안 거품 목욕 했어요,배송도 빠르고 정말 써보고 싶었어요,원래 쓰던건데떨어져서 샀어요신상 향이 나왔길애 사봤는데 향 좋네요아이가 거품 넣는다고 해서 물이 좀 들어간채로 놔뒀더니 거품이 잘 안나더라구요,,,,,
ANAL-211104-0155,0,1,거품,너무,좋아,향도,향이,40.08,22.34,18.07,12.9,12.14
ANAL-211104-0155,1,1,아끼다 똥됩니다팍팍쓰셔서 거품을 즐기세요미끌미끌한게 몸에 코팅되는데 헹굴때 잘헹구고 나오세요씻고나와도살속에베인향이 은은하니 좋아요,향도 강하진 않고 아이 거품목욕 해주기 딱이었어요,끝나고 나오면 미끌하지도 뽀득하지도 않아서 아기용으로 좋은거같아요다른향은 안써봐서 모르겠지만 저는 이거 괜찮아서 담에 또 사도 그냥 자몽향 사려구요,머리도 감기면 좀 뻣뻣해지는 느낌이라 머리는 따로 감겼어요,거품 잘나오요 20분 정도 있으면 서서히 거품이 꺼지기 시작하는데 샤워기해주면 또 거품이 생겨요성분도 좋아서 아이들 씻고 뭐 올라오지도 않았어요,,,,,
ANAL-211104-0076,0,0,좋아요,좋습니다,감사합니다,아기가,좋네요,6.54,2.59,2.18,1.82,1.81
ANAL-211104-0076,1,0,재구매매우 좋아요,짧은거도 나왔음 좋겠어요,무당벌레도 사고 이거도 샀는데 아가가 있어서 피아노 뚜껑을 피아노랑 연결해서 앞으로 못넘어오개 했어요,화면 그대로고요주문한 상품 모두 만족해요사은품도 맘에 들어요많이 파시고요또 사러 올께요,좋아요,,,,,
ANAL-211104-0076,0,1,문을,자꾸,냉장고,여니,괜찮,3.47,2.13,1.93,1.91,1.58
ANAL-211104-0076,1,1,이제 돌이 된아간데 문을 열어버리네요또 다른 잠금장치를 찾아떠나야겠어요,제 기능을 하기에 너무 부실하네요,잠금장치 세번째 쓰는건데 이게 젤 좋아요양면테잎도 쓰리엠이라 잘붙어요은근 힘줘서 열어야 되서 아기가 열기 힘들듯설치전에 시험삼아 열어보다 손톱 부러졌어요,만 12개월 된 아들이 하도 냉장고 문을 열기에 구매해 봤는데정말 짜증나요너무 쉽게 열어버리네요이건 뭐 붙인거나 안 붙인거나 똑같으니 비싼 제품은 아니지만 돈이 정말 아깝습니다환불받고 싶어요,제 기능을 하기에 너무 부실하네요 ㅠㅠ,,,,,
ANAL-211104-0100,1,1,선은 랜선기준 한줄 들어갑니다,연질몰드인데 딱딱해서 쓰기힘들고 직경 1cm도 아닙니다랜선한개도 빡빡하게 겨우 들어감멀티탭선은 보통 악력으로 못 넣어요,선은 랜선기준 한줄 들어갑니다,,,,,,,
ANAL-211104-0122,0,0,유모차,핸드폰,좋아요,아직,거치대,3.03,2.6,2.42,1.91,1.28
ANAL-211104-0122,1,0,잘 받았습니다,잘 사용하고 있습니다,조심해서 사용하면 편리할듯합니다,예쁘고 찍찍이라서 아무 유모차에나 잘 맞을 것 같아요,유모차에 설치하려고 샀어요매번 손으로 들고다니니 불편해서요,,,,,
ANAL-211104-0122,0,1,같아요,눌러,고정이,유모차,좋아,1.37,1.21,1.09,0.94,0.86
ANAL-211104-0122,1,1,구매함잘쓰고 있어요유모차안에 오래있어야할땐 딱이네요,괜찮다했는데핸드폰거치되지않을때 부러져서 그나마 다행일까요저렴한데는 이유가있는거 같아요,휴댜폰 올려두고 손으로 벌어진 양옆 바를 눌러서 밀착 고정 시키면 됩니다 등받이쪽이생각보다 짧아서 노트 끼우니 불안해 보였는데 그래도 꽉 잡아줘서 안떨어지네요,블랙을 좋아해서 유모차가 블랙인데 넘나 튀어요,,,,,,
ANAL-211104-0055,0,0,좋아요,아기가,좋네요,재구매,배송,62.54,16.25,14.38,12.52,11.41
ANAL-211104-0055,1,0,재구매재구매해요,아주 맘에 쏙 들어요,모양이 좀  삐뚜네요,재구매잘사용하고있어요,고급 안전하고 좋아요,,,,,
ANAL-211104-0055,0,1,좋아요,아기가,모서리,너무,좋네요,23.46,18.55,17.79,12.99,8.52
ANAL-211104-0055,1,1,아이가 며칠전 책상 모서리에 눈 주변을 부딪쳐서 급하게 주문했어요,몰딩 모서리에 붙였는데 생각했던것보다 커서 보호대만 생뚱맞게 나와있어요,두꺼워서 좋네요,모서리만 딱 보호할수있어서 크게 지저분해보이지도않구요,상품평에 아기가 뜯는다고 되어있던데 그건 아직 모르겠고 깔끔한 디자인과 도톰함 아주 맘에 들어요,,,,,
ANAL-211104-0094,0,0,감사합니다,빠른,깔끔,,,2.13,1.32,1.0,,
ANAL-211104-0094,1,0,박스가 구겨지면서 관도 같이 구부러져서 왔네요,빠른배송 만족합니다,,,,,,,,
ANAL-211104-0255,0,1,색상,붙이,화이트,굽도리,장판,1.75,1.7,1.64,1.63,1.56
ANAL-211104-0255,1,1,작업이쉽고가격도좋습니다정말 대만족입니다,해본거라 삐뚤빼뚤 이상하긴 하지만 그래도 이정도면 나쁘지않다고 생각해요장판이랑 벽 사이에 잔뜩 낄 먼지들도 걱정 안해도되니까 이제 한시름 놓고 잘 수 있겠어요,재질이좋고 두껍네요,붙일 때 차분히 선 잘 맞추시면서 붙이세요,잘받았습니다,,,,,
ANAL-211104-0054,0,0,좋아요,모서리,재구매,아기가,좋네요,60.66,13.94,13.35,12.79,11.32
ANAL-211104-0054,1,0,좋아요,배송이 엄청 빠르네요,쿠션감 굿굿,만족합니다,폭신폭신해서 아이가 다치지 않아요,,,,,
ANAL-211104-0054,0,1,좋아요,아기가,모서리,제품,너무,5.37,5.03,4.29,2.95,2.95
ANAL-211104-0054,1,1,양면테이프가 모서리보호대에 붙어있질 않아요,폭이 좁은 곳은 보호대를 조금 잘라내서 사용했어요,붙이려다가 하나 찢어지는거보고 조심조심 붙였어요,양면테이프도 삼키려해서 어찌나 놀랬던지이 제품은 쿠션감이 있어서 날카로운 모서리부분이 가려져서 안심이에요,별로에요전에 썼던 코너보호대보다 뭐랄까 약간  탱탱하지도 않고 흐물흐물하다고해야하나요,,,,,
ANAL-211104-0009,0,0,좋아요,문에,색상,너무,만족합니다,4.74,2.78,1.75,1.55,1.52
ANAL-211104-0009,1,0,좋아요,색상은 선택의 여지가 없이 주황색인데 용도면에서 선택한거라 상관은 없어요,깔끔한 파스텔톤이라 어느 문에서나 다 어울릴듯 싶네요좀 말랑말랑하긴 한데  문에 딱 맞아요,문이 바람때문에 갑자기 닫혀도 소리가 안 나서 너무 좋아요,맘에들어요,,,,,
ANAL-211104-0009,0,1,이건,좋아요,문에,제품,있는,2.21,2.18,2.04,1.64,1.5
ANAL-211104-0009,1,1,소재를더단단한걸로제작해주세요예전에 사용하던 제품이 있는데 모양이 똑같아구매했는데 소재가 달라요  어떤분처럼  바람에  박살났어요,병원에서 쓰는거보고 바로 주문했네요너무 좋아요,이거쓰다딴거는못쓰겠어요견고하고잘안찢어지네요이거 쓰다 딴거는 못쓰겠어요,일반 얇은 도어쿠션들 보다 좋습니다,문에 착색됐다 그래서 걍 별 기대 안핸는데 기대가 없어서 인지 전 만족합니다전에 피망모양은 구입한날 찢어먹어서 그것보단 오래쓰면 다행이라 생각하고 있었는데 이제 안찢어지는걸 알고 문도 안닫아서 더이상 안사도 될거 같아요,,,,,
ANAL-211104-0120,0,0,설치,,,,,0.7,,,,
ANAL-211104-0120,1,0,아직 차에 설치해보진 않았는데 색상자체가 너무 예뻐서 아주 만족합니다,배송후 바로 설치하려했으나저희 차는 안되네요가지고있다,좋아요,튼튼하기는 하지만 어색한지 아이들이 자꾸 손대서 삐뚤삐둘해집니다,사길 잘했어요,,,,,
ANAL-211104-0120,1,1,8살 아이 예전부터 사용하고 있고 둘째꺼도 추가주문했어요 색상도 펠리세이드내부색상이랑 같고 아이도 자다가 목 안꺾이고 편하다고 합니다 ㅎ,8살 아이 예전부터 사용하고 있고 둘째꺼도 추가주문했어요 색상도 펠리세이드내부색상이랑 같고 아이도 자다가 목 안꺾이고 편하다고 합니다 ,쿠션감도 좋고 쿠션 사이즈도 적당하고 좋은거 같습니다 제가 직접 누워봤지만  어른이 사용해도 무방할 사이즈 입니다,설치가 조금 어렵게 느껴졌으나 그건 내가 조립바보라서설치 간단하고 좋아용아이가 정말루 맘에 들어합니다 이제 목 안꺾인다면서,,,,,,
ANAL-211104-0065,0,0,좋아요,구성이,아직,너무,사용,6.09,5.65,3.49,3.23,2.2
ANAL-211104-0065,1,0,보관하기좋네요,구성이 좋아서 샀어요,구성이 좋아요,필요한 것들이 다 한통에 세트로 들어있어 구성이 매우 좋다고 생각됨한 통에 보관하기 좋아서 그것도 만족 배송도 빨랐고 포장도 꼼꼼 박스에 각 제품별 용도와 설명  사용가능 온도까지 설명되어 있는게 좋네요,아기 손톱이 너무 작아서 깎을 때 살짝 겁이 날것 같지만 잘 써보겠습니다,,,,,
ANAL-211104-0065,0,1,위생용품,신생아,너무,진짜,정리세트,3.0,2.38,2.25,2.02,1.82
ANAL-211104-0065,1,1,탕온계만해도 만원부터 엄청비싼것도있고 생각보다 안쓴다길래 굳이시켜야하나 고민하다 어느정도 갖춰있는 이걸 시켰어요,미안하다이거보여주려고어그로끌었다신생아용품짱미안하다 이거 보여주려고 어그로끌었다아가드 신생아 위생용품 정리세트 1입 블루  핑크 수준 실화냐진짜 세계관최강자들의 싸움이다,예뻐요필요한것만 모여있어서 구매했어요,받아보니 너무 귀엽네요,아직 사용전인데 귀여워요후기 추가가위는 잘쓰긴했는데 손톱깍이는 손톱이 너무 거칠게 꺽이는둣해요,,,,,
ANAL-211104-0265,0,0,만족합니다,배송,좋아요,구매,저렴하,1.74,1.35,1.15,1.0,0.95
ANAL-211104-0265,1,0,아이보리 구매했는데 흰변기와 잘어울리고폭신해서 만족해요,배송빨라요 박스에 파손없이 잘 왓규요 맘애 들어요,한번썼는데 이음새부분이 튿어져서 스폰지가 다 나왔네요,배송 잘 받았어요,들었다,,,,,
ANAL-211104-0265,0,1,변기,좋아요,그냥,가격,아이가,3.24,2.54,2.34,1.93,1.91
ANAL-211104-0265,1,1,근대지금 38개월 되니까 아이가 먼저 찾아요잘쓰고 있어요,쿠션감 튼튼함은 괜찮아요여러 집 변기에 잘 맞구요,가성비최고입니다저렴한 가격에 너무 푹신하고 좋아요,이동할때 편리해요,받자마사용해보좋네요,,,,,
ANAL-211104-0300,0,0,좋아요,감사합니다,만족합니다,욕실,좋네요,7.33,3.47,3.0,2.45,2.42
ANAL-211104-0300,1,0,접착력은좋아요,아이들 안미끄러질것같아요전체다붙였는데 불빛에 비친곳만 저렇게 살짝보이고 거의안보여요,원하던 용도가 아니라 아쉽네요,좋아요,써보니 좋네요,,,,,
ANAL-211104-0300,0,1,너무,떨어,바닥,말리고,화장실,4.46,4.02,3.84,3.15,2.95
ANAL-211104-0300,1,1,화장실에 붙여놓으면 확실히 덜 미끄러운데 교체시기가 있어요,유용하게 잘 썼어요,접착력에많은문제가있어요마른걸레로 꺄끗하게 닦고 부착한지 3일만에 몇개가 벌써 떨어졌네요,살짝 뜬 스티커 밟고 미끄러져서 넘어질 뻔 한 이후로는 다 떼어버렸어요지난 주에 아버지 댁에 붙여드린 알록 달록한 스티커로 다시 사야겠어요,최악별 한개도 아까운데요최악입니다물기제거하고 붙여놓은다음다음날 샤워했는데 다 물에 쓸려내려갔어요,,,,,
ANAL-211104-0036,0,0,좋아요,배송도,생각보다,조금,좋네요,3.0,1.67,1.39,1.36,1.22
ANAL-211104-0036,1,0,많이파세요,충돌 방지 완전 잘 되고 접착력도 엄청 강해서 좋아요,문콕 방지효과는 정말 뛰어난데 이게 문손잡이가 작은 문은 문손잡이를 감싸고 놓아주지 않는 형태라 문을 닫을때는 자꾸 벽지랑 함께 당겨가서 불안해서 떼어냈어요,좋아요,사진 그대로예요벽지에 손잡이콩 이제걱정없이문 확확열어요,,,,,
ANAL-211104-0036,0,1,좋아요,벽에,너무,좋네요,생각보다,9.89,6.73,5.28,4.31,3.72
ANAL-211104-0036,1,1,소음도 잘 잡아줘서 너무 좋아요,아주 좋아요,사이즈가커서좋아요사이즈가 커서 좋아요,좋아요좋아요좋아요,대박좋아요문쿵쿵소리 시끄러웠는데 소리도 안나고 좋아요접착력도 좋은것같아요,,,,,
ANAL-211104-0126,0,0,좋아요,아기가,아이가,너무,튼튼하고,18.86,7.43,6.5,6.4,5.66
ANAL-211104-0126,1,0,미끄럼방지도 되어있고 잘 쓸게요,튼튼한데 폭도 널찍해서 올라서도 안정감이 있고  바닥에 미끄럼 방지가 되어있어 낙상 걱정도 덜합니다,넓고 좋아요,생각보다 낮아요,고무발판이 사이사이 있어서 미끄럼 방지가 덜될꺼 같았는데 생각외로 아주 좋네요,,,,,
ANAL-211104-0126,0,1,미끄럼,있어,아이,,,1.37,1.27,0.99,,
ANAL-211104-0126,1,1,아이가 편하게 쓰고있어요,아이가 올라가는 부분에도 미끄럼 방지 패드가 있어서 안심이 됩니다,괜찮아요,안정감이있어요조카를 위해 선물로 보내줬는데 받아보고 굉장히 좋아하네요제품이 견고하고 무엇보다 미끄럼 방지가 잘 되어 있어서 만족스럽다고 합니다디자인도 예쁘고 아이가 올라갔을때 안정감이 있어서 그런지 요즘 손씻기를 자주 한다고 하네요,,,,,,
ANAL-211104-0045,0,0,만족합니다,좋아요,안전,,,1.83,1.34,0.48,,
ANAL-211104-0045,1,0,에어쿠션은 모서리보호대보단 딱딱하긴 하지만 벽에 부딪히는거 보단 훨씬 조으네요,좀 푹신한건 아니지만 그래도 없는거 보단 나을꺼 같아용,문열리는 가구 모서리에 사용하니 개방도 되며 모서리도 보호됐어요,아이들 있는집에는 필수입니다보호대 붙여놓으면 안전합니다,좋은제품 판매해주셔서 감사합니다 가성비 매우 만족스럽구요,,,,,
ANAL-211104-0045,0,1,너무,붙였어요,양면,모서리,붙여,3.36,2.05,2.0,1.99,1.6
ANAL-211104-0045,1,1,집이 남향이라 해가 많이 들어서 베란다에 블라인드를 설치해 두었어요여름이라 더워서 종일 창문을 열어두다보니 바람이 불때마다 블라인드 아랫부분이 창문틀에 부딪혀 소리가 많이 납니다금속끼리 부딪히며 나는 소리라서 시끄럽고 신경이 거슬려서 블라인드 아랫부분에 에어쿠션을 붙였어요흔들릴때마다 부딪치는 소리가 아예 안나지는 않고 둔탁한 소리가 좀 나긴 하지만 쇳소리가 나지 않으니 살것 같네요제품에 동봉된 양면 테이프를 에어쿠션 전체면에 다 붙여서 블라인드에 붙였어요,다신구매안합니다테이프가 붙어져 나오는게 아니고 직접 붙여야하는 타입이라 불편하고 중요한건 붙이고 한시간도 되지 않아서 다 떨어지네요,얇은거원하시면이건데도톰하지않아요센티보고사셔요얇고 약한것같아요,그때는 테이프가 투명한 색이었는데 이번에는 약간 누렇더니 붙이면 계속 떨어져요테이프 여유분도 없고 일반 테이프로 붙여도 떨어지고 진짜 돈 아까워요,좋네요,,,,,
ANAL-211104-0310,0,1,빨리,리필,아가용,아기,좋아요,2.93,2.89,2.88,2.65,2.65
ANAL-211104-0310,1,1,약해요콤비 네일트리머쓰고있는데 좀 닳은거 같아서 새로 사보려다가 쿠팡에는 콤비 리필이없어서 그냥 이거 사봤어요,또 시간지날수록 파랑을 많이 쓸텐데 다른색깔도 같이 사야하니 좀 불편하네요,아기 손톱을 날카롭지않게 잘관리할수있을것같아요,흑흑근데 반품하려햇는데 반품비가 더 비싸서 불가능이라고 떠요 네일트리머 잇는데 이걸로 또 주문햇어요,계속 긁어서 꾸준히 사용하고있어요,,,,,
ANAL-211104-0245,0,1,샤워기,아니어서,레드,너무,많이,3.18,1.97,1.86,1.86,1.63
ANAL-211104-0245,1,1,레드도 대부분 하얗고 연한 레드 느낌이라 부드러운 느낌으류 색 안튀고 좋음,무엇보다 디쟈인이랑 색상이 너무이뻐서 또또 만족합니당 저희 애기도 들어가서 잘있네용,생각보다튼튼해요구매해서 강쥐 목욕할때 한번 사용주택이라 날씨가 추워지니 따뜻하게 목욕시키고싶어서이래저래 겸사겸사 구매했어요,4키로 강아지인데 크기도 널널하도 높이도 적당했어요,바가지도 따로 주시고 샴푸도 꽂을수있고일단 샤워기를 꽂을수있어서 물 받을때도 넘 편해요다른 저렴한 접이식욕조는 뭔가 튼튼해보이지않고 샤워기 꼽거나 수납할수있는 부분도 없어서 맘에 안들었는데 지금이 욕조는 다 만족해요,,,,,
ANAL-211104-0305,0,1,타일,,,,,1.0,,,,
ANAL-211104-0305,1,1,아기주방놀이꾸미려고샀어요아기 주방놀이 꾸미려고 샀어요가운데 벽부분 리얼하게 해주고파서 구입했어요두장 들어있는데 한장 그대로 붙이니 사이즈 딱 좋아요다른분들 후기에 타일크기가 작다는 글들이 많더라구요,부착력최고유연성도최고방수능력도최고입니다잘부착될까걱정하기도했는데 굴곡이있는것도 재질이부드러워서 너무잘부착도더라구요,잘못 붙혀도 너무 강도가 쌔게 붙지 않아서 초보도 하기 쉽네요,,,,,,,
ANAL-211104-0019,1,1,가격대비나름괜찮습니다,견고하고예쁜데두꺼워서문밑에안들어가요제품은  견고하고  컬러도  예쁜데  저희집 문이 바닥에 거의  붙어서 문 밑으로  들어가지  않아요  문밑으로  들어가서  밀착이 되어야하는데  바닥과  문 높이  보다  두꺼워서  아쉽지만  반품합니다  기존에  쓰던것은  귀엽지만  바람불면  문이  밀려서  닫혀버려서  새로  구입했는데    사진첨부가  안 열려서 첨부를  할  수가 없네요,가벼워서밀려요거꾸로 끼우고 경사면 각 잘라서 쓰고있음,,,,,,,
ANAL-211104-0294,0,1,필요해,튼튼하게,비싸요잘,사용해봤는데요아주,보다,3.46,2.8,2.44,1.93,1.72
ANAL-211104-0294,1,1,모든게 다있다는 그곳 보다 비싸요잘 쓰고있어요ㅎㅎㅎㅎㅎㅎ,유용하게잘썼습니다벽추리에 달 고리가 필요해 사용해봤는데요아주 튼튼하게 잘 설치하게됐네요,아주유용하게잘쓰고있습니다벽추리에 달 고리가 필요해 사용해봤는데요아주 튼튼하게 잘 설치하게됐네요,짧은거말고U자형사세요짧은거 말고 U자형 사세요,벽에고정하기불편함생각보다 벽에 고정하기 어렵다,,,,,
ANAL-211104-0052,0,0,좋아요,너무,모서리,좋네요,배송,37.29,9.61,8.68,8.3,8.2
ANAL-211104-0052,1,0,만족합니다,재구매또주문했는데 두껍고 좋아요애기가 몇번이나 부딪혔는데 안우네요,감사합니다,너무 두꺼워서 원하는곳에 못 붙였어요,사진상으론 희미한데 하룻밤 자고나니 자국만 남고 떨어졌네요,,,,,
ANAL-211104-0052,0,1,좋아요,아기가,너무,자꾸,아이가,4.1,3.38,3.05,2.1,1.99
ANAL-211104-0052,1,1,냄새는 좀 나네요,두꺼워서 예쁘게 잘라쓰기 어려운 점이 있지만 멀리서 봐서 티날 정도는 아닙니다가운데를 갈라서 문 아래쪽에도 붙여주니 아이가 문 아래쪽에 발이 끼일 일이 없어서 좋네요,키보드 마우스 손목보호대로 씁니다,좋아요만족해요아일랜드식탁밑으로 아기가 지나다니는게 마음에 걸려서 주문했어요,아기가 6개월 되서 굴러다니다침대모서리에 자꾸 아기가 찧어서 샀어요두꺼워서 너무좋네요,,,,,
ANAL-211104-0177,0,0,조리도구,같아요,생각보다,걸기,고정이,2.0,1.66,1.65,1.64,1.57
ANAL-211104-0177,1,0,다만 생각했던 길이에서 좀 벗어나서 하는수없이 이렇게 쓰고있어요,우드로 된거중 제일 예뻐요 근데 끝에 고정이 조금만 더 튼튼 햇으면 좋겟어요,화면 그대로 간편하고 걸기 편해서 좋아요,생각보다 거는 부분 폭이 커서 수납장에 고정이 꽉 안되네요,,,,,,
ANAL-211104-0177,1,1,진짜 주방 싱크대 사이즈 안맞아서 다른데꺼 두번이나 샀다가 반품한걸 반복했습니다 세번째 구매한 요 제품은 찰떡이네요ㅠ 머그컵은 너무 커서 세개만 걸고 나머지 고리들은 주방도구 거는 곳으로 옮겼어요ㅎ 간격 안나와도 고리가 이동이 가능하니까 딴것처럼 간격땜에 반품할 일이 없네요ㅎㅎ 끝부분은 일자로 평평했음 하는 바람ㅠ,원래 쓰던 조리도구 걸이가 이유식시작하며 모자란지라 기왕 사는거 적은것보다 많은게 좋지 하여 두개 세트로 구매했습니닿ㅎ견고함 원래 쓰던 걸이는 상부장에 끼우는 고정걸이부분이 아주 길어 조리도구를 거는 부분이 벽쪽 가까이 붙을수있게 할수있는 조리도구걸이 였어요 이게 눈앞에서 거슬리지는 않는 반면 고정하는 부분이 기니까 무게로 축 처진게 보기 별로였는데 확실히 고정부분이 짧으니 뭘 걸어도 가위를 막 세개씩 걸어도 예쁘게 붙어있네요거슬림 짧게 앞쪽으로 나오는 도구걸이는 혹여 조리할때 불편하지 않을까 해서 안쪽으로 길게들어간 도구걸이를 산거였는데 오히려 이 상품처럼 앞쪽으로 나오는 도구걸이가 덜 불편하더라구요안쪽 벽엔 조미료며 도마며 이것저것 놓아둔게 많아 늘 도구들과 부딪힐 일이 있었는데 이건 그럴일도없고 우려와달리 거슬리지않아 만족했습니다고리부분 이게 좀 귀찮습니다 딱 고정된 것이 아니라 자유롭게 이동 가능하단 점이 강점인데 단점또한 그것입니다고리부분이 자유로운만큼 가볍고 그냥 툭치면 빠지는지라 조리도구를 뺄때마다 고리도 같이 떨어져서 매번 다시 끼워줍니다 살며시 빼내야해요ㅎㅎ상부장고정 상부장에 거는부분에 센스있게 양면 테이프가 붙어있습니다 이 거는부분이 짧아서 안붙이면 고정이 되지않으려나 했는데 붙이지 않아도 고정은 잘 됩니다 다만 상부장 열때 같이 나오기도해서 양면테이프 붙이는게 더 좋아요고정부분과 상부장 테두리의 길이는 아무래도 맞추긴 힘들어요 뭘사든 떠있는건 마찬가지라 저는 이부분은 상관 없었습니다 그게 맞지않아도 고정은 잘되기에디자인도 예쁘고 대체적으로 만족하며 사용중입니다,진짜 주방 싱크대 사이즈 안맞아서 다른데꺼 두번이나 샀다가 반품한걸 반복했습니다 세번째 구매한 요 제품은 찰떡이네요 머그컵은 너무 커서 세개만 걸고 나머지 고리들은 주방도구 거는 곳으로 옮겼어요 간격 안나와도 고리가 이동이 가능하니까 딴것처럼 간격땜에 반품할 일이 없네요 끝부분은 일자로 평평했음 하는 바람,씽크대상부장컵걸이로딱씽크대 상부장이 있으면 표시도 안나고 컵이나 조리도구 걸어놓기 좋아요찾던 아이템이라 반갑네요 상부장에 걸어도 문이 잘닫혀 표시가 안나서 더욱 맘에 듭니다,원래 쓰던 조리도구 걸이가 이유식시작하며 모자란지라 기왕 사는거 적은것보다 많은게 좋지 하여 두개 세트로 구매했습니닿견고함 원래 쓰던 걸이는 상부장에 끼우는 고정걸이부분이 아주 길어 조리도구를 거는 부분이 벽쪽 가까이 붙을수있게 할수있는 조리도구걸이 였어요 이게 눈앞에서 거슬리지는 않는 반면 고정하는 부분이 기니까 무게로 축 처진게 보기 별로였는데 확실히 고정부분이 짧으니 뭘 걸어도 가위를 막 세개씩 걸어도 예쁘게 붙어있네요거슬림 짧게 앞쪽으로 나오는 도구걸이는 혹여 조리할때 불편하지 않을까 해서 안쪽으로 길게들어간 도구걸이를 산거였는데 오히려 이 상품처럼 앞쪽으로 나오는 도구걸이가 덜 불편하더라구요안쪽 벽엔 조미료며 도마며 이것저것 놓아둔게 많아 늘 도구들과 부딪힐 일이 있었는데 이건 그럴일도없고 우려와달리 거슬리지않아 만족했습니다고리부분 이게 좀 귀찮습니다 딱 고정된 것이 아니라 자유롭게 이동 가능하단 점이 강점인데 단점또한 그것입니다고리부분이 자유로운만큼 가볍고 그냥 툭치면 빠지는지라 조리도구를 뺄때마다 고리도 같이 떨어져서 매번 다시 끼워줍니다 살며시 빼내야해요상부장고정 상부장에 거는부분에 센스있게 양면 테이프가 붙어있습니다 이 거는부분이 짧아서 안붙이면 고정이 되지않으려나 했는데 붙이지 않아도 고정은 잘 됩니다 다만 상부장 열때 같이 나오기도해서 양면테이프 붙이는게 더 좋아요고정부분과 상부장 테두리의 길이는 아무래도 맞추긴 힘들어요 뭘사든 떠있는건 마찬가지라 저는 이부분은 상관 없었습니다 그게 맞지않아도 고정은 잘되기에디자인도 예쁘고 대체적으로 만족하며 사용중입니다,,,,,
ANAL-211104-0079,0,0,좋아,,,,,1.37,,,,
ANAL-211104-0079,1,0,재고 문제로 배송이 지연되었지만 사전에 미리 안내를 해주어 생각보다 빠르게 배송을 받았습니다,좋아요,재구매약간 그레이빛이 화이트싱크대랑 넘  잘어울려요,간편하게 붙이면 설치가 끝이고 잘 쓰고 있데요,재구매약간 그레이빛이 화이트싱크대랑 넘  잘어울려요 ㅎ,,,,,
ANAL-211104-0079,0,1,아기가,떨어,좋아요,접착력이,너무,5.5,3.25,3.25,3.17,2.95
ANAL-211104-0079,1,1,아기가 자꾸 싱크대문열어서 구매했어요,장점  안전고리는 제가 직장에서 많이 사용해봤는데 요게 제일 편리하더라고요  구멍에 단추식으로 끼우는건 매우 귀찮더라고요   디자인이 깔끔하고 잠금이 간편해서 좋아요,잡화점가서사세요아기 안전을 위한잠금장치 인데 너무쉽게잡아당기고서랍장 고정이 안됩니다한두개 불량이라 생각했는데 전부다 그러네요비닐커버도 벗겨놔서 반품도 못하고이거는 싼게비지떡도 못되네요,돌지난 아들이 여기저기 만지고 다녀서 문 못열게 하려고 붙였는데 안열리고 좋아요,그래도 아기가 아니라 고양이 때문에 산거라서 그냥저냥 쓸 수는 있을 것 같습니다,,,,,
ANAL-211104-0016,0,0,고정,좋아요,바닥,,,1.87,1.84,0.73,,
ANAL-211104-0016,1,0,잘 받았습니다,매우만족합니다,급하게 주문한다고 상세 사이즈 확인을 못했는데 커요 아기 방 미닫이 문 고정하려고 구매했는데 스토퍼 바닥 고정이 안되요 밀림 방지는 되어 있지않습니다,좋아요,회사 철문에 끼워놓을 용으로 시켰는데 문제 없이 잘 고정이 되네요가격도 싸고  배송도 빠릅니다,,,,,
ANAL-211104-0016,1,1,아랫부분 미크럼패드는 그냥 덜렁 떨어지고저렴한 이유가 있어요,,,,,,,,,
ANAL-211104-0228,0,0,맘에,들어,거울,살짝,생각,2.1,1.51,1.44,1.22,0.56
ANAL-211104-0228,1,0,거울사이즈는 생각보다 작지만 우드색감도 마음에 들어요,잘받았습니다,잘 샀습니다,사이즈가 작아서 공간 차지도 많이 안하고 깔끔해서 맘에들어요,배송이 무척빠르구요,,,,,
ANAL-211104-0228,0,1,너무,거울,좋아,사이즈,확대,4.14,3.03,1.11,1.01,1.0
ANAL-211104-0228,1,1,거울 테두리가 사진상으론 메탈로 보여서 착각했어요물론 설명엔 화이트라고 적혀 있었는데 받고 나서 봤다는게 함정이였지만 그부분이 좀 저렴해보이긴 한데 보다보니 크게 거슬리진 않더라구요,거울이 울렁임이 심하네요,거울도 잘보이고 뒷면은 학대경이네염 잘쓸께요,예뻐요후기를 남길수밖에 없는 비주얼이네요,방 인테리어에 맞게 원목 거울을 찾던 중 사이즈랑 디자인이 완전 제가 찾던 스타일이라 구매했습니다,,,,,
ANAL-211104-0221,0,0,냄비,제품,좋아,인덕션,,1.74,1.19,0.93,0.93,
ANAL-211104-0221,1,0,너무 좋아요,평소에는 냄비 받침대로도 쓸 수 있고 여러가지로 활용도가 높은 제품이라 만족합니다,사용하기에 좋으네요,냄비 받침대를 많이 써봤지만 이제품 만큼튼튼하고 괜찬은 제품은  없는 거  같네요,,,,,,
ANAL-211104-0221,1,1,공간효율성도좋고깔끔하고이뻐요코너용 스토브라서 공간효율도 너무 좋고 편리합니다 냄비 크기에 상관없이 사용할 수 있고 냄비뿐만 아니라 그릇이나 다른 주방용품도 올려 놓을 수 있어서 너무 좋네요,실용템굿굿진심 이거있으면 주방질이 올라가요55평 원룸사는 와중에도 요리하는건 좋아하는데 뭔 한번에 하나밖에 요리를 못해요 냄비같은걸 요리하다가 옆에 둘곳이 없더라고요쇼핑중에 눈에띄어서 한번 구매해봤는데진짜 겁나만족중이에염작은 가스레인지는 안될거같긴한데 인덕션이면 다될듯요 추천,,,,,,,,
ANAL-211104-0125,0,1,좋아요,너무,않고,아이,아기,7.39,5.58,4.36,4.02,3.97
ANAL-211104-0125,1,1,높이가 아쉽긴하지만 적당합니다,좌변기 발판으로 사용하는데 좋네요,변기디딤대로쓰기엔 좀낮네요,안쪽이 더러운데 잘 안닦이네요돈버렸다치고 다른거 다시샀어요아기가 들고다니기는 가벼워서 장난감으로 잠시 쓸만해요,아주매우위험 다치는줄알고 식겁했어요그리고  뒤에 검은줄이흠사용감느껴진달까튼튼한느낌 전혀없고 제가밟으면 부서질것같은부서지진않겠지만 그런불안감환불하기엔 귀찮아 그냥 둡니다싸서 가격만 맘에들어요,,,,,
ANAL-211104-0277,0,1,좋아요,가격대비,자꾸,너무,조금,4.56,3.65,2.19,2.02,1.64
ANAL-211104-0277,1,1,사이즈도 딱입니다 가격이 저렴해서 부담없이 자주 교체할수 있어 대만족입니다,가격대비 만족합니다,가격도  저렴하고  조리법도  쉬워요,이쁘고좋아요배송이참빠르고좋습니다좋습니다이뻐저렴하고 이쁘네요,뚜껑과 변기커버 고리연결부분이 헐렁거리서 저혼자 따로 놀고 곧 부러질것 같은 느낌이 들면서 커버를 들었나놨다를 할 수 없음요 거의 뚜껑을 덮어두고 있어요,,,,,
ANAL-211104-0272,0,0,아이가,좋아요,배송,변기,있어서,8.48,3.74,2.13,2.06,1.99
ANAL-211104-0272,1,0,저희집 변기에는 덜컥거리게 맞아서 그런가봐요,패드쿠션 마감이 날카롭겓서 아기 엉덩이 다칠까 우려되여 비닐도 금방 찢어질것 같구요,이제 배변훈련 하고 있는데 아기 변기를 썼더니 계속 씻어주고 말려서 쓰고 하는게 번거로워 어른변기 같이 쓰려고 주문했어요,여자아인데 앉아서 소변눌때 앞으로 발사 되는 경우 있는게 요거는 앞에 튀어나와있어서 발사 걱정없어요,똑같아요,,,,,
ANAL-211104-0272,0,1,아이가,좋아요,변기,만족,많이,4.12,2.55,1.91,1.7,1.65
ANAL-211104-0272,1,1,빠른배송감사합니다안전하게잘배송되었습니다빠른배송감사합니다,집에선 아기전용변기에 하는데 시집에 갔을때와 여행갈 때 등 밖에서 쓰려고 샀어요,안맞을까봐 걱정했는데 잘 맞아요,디자인도귀엽고분리세척이편해요저녁에 아이가 쓰던게 고장나서 급하게 쿠팡으로 검색해보고 상품평  가성비 따져서 구매했어요,배변훈련시키려고 주문했어요뽀로로변기커버 사용하다 떨어트리면서깨져서 새로구입하려다 디자인이 이뻐서구매했어요,,,,,
ANAL-211104-0180,0,0,선반,만족합니다,아래쪽에,상부장,제품,2.68,2.38,1.94,1.88,1.77
ANAL-211104-0180,1,0,토스터랙에 끼워서 테이블매트 정리용으로 사용하고 있어요,튼튼하고 깔끔하고 주방 아닌곳에 달아도 인테리어에 좋아요,너무 만족해요,부엌 싱크대 상부장 아래쪽에 설치했는데 거는 곳이 있다보니 설치하기도 너무 쉽고 간단하니 좋습니다,선반에 공유기 받침용으로 샀는데 사이즈도 딱이고 튼튼해요,,,,,
ANAL-211104-0180,0,1,좋아,,,,,1.0,,,,
ANAL-211104-0180,1,1,묵직하네요좁은 주방이라 상부장에 이거저거 주렁주렁 매달려있는 상태인데 높이가 낮은 제품이다보니 일단 있는듯 없는듯 해서 좋으네요소창행주 사다 차곡차곡 넣어놓고 끝에 걸어도 볼 생각으로 산건데 잘될진 모르겄어요,,,,,,,,,
ANAL-211104-0118,0,0,좋아요,,,,,2.66,,,,
ANAL-211104-0118,1,0,좋아요,근데 화면이 커서 패드가밑으로 쏠려서 휴지 넣어서 받쳤어요,대체로 만족은 하지만 테블릿 넣는 곳이엄청 더러워서 닦아야 하네요,배송빠르고 좋아요,필름부분에 지문자국과 먼지  누가 쓰던거 받은기분이였어요,,,,,
ANAL-211104-0118,0,1,제품,,,,,1.56,,,,
ANAL-211104-0118,1,1,새 제품 맞나요,아이패드 넣어서 차로 이동할때마다 아기 잘 보야주고 있어요주머니도 있어서 실용적이에요,제품확인좀제대로하시길파손된 제품이 와서 두 번을 교환했습니다,,,,,,,
ANAL-211104-0192,0,0,좋아요,깔끔,뚜껑,멀티탭,사이즈,2.99,2.19,1.5,1.34,1.23
ANAL-211104-0192,1,0,집에있는 멀티탭 5구짜리가 안들어가서 당황했습니다만 새로산 멀티탭 5구는 들어가네요,제품은 괜찮아요,제품을 구매할려고 할때는 모든 제품 비교하고 리뷰보고 구매를 하게되는데 제가 분명히 멀티땝 6구짜리도 사이즈가 맞는다고 확인햇고 멀티탭정리함,깔끔해요,좋아요,,,,,
ANAL-211104-0192,0,1,너무,제대로,뚜껑이,전선,좋네,4.63,2.37,1.87,1.33,1.11
ANAL-211104-0192,1,1,한번 정리하면 하나라도 다시 뺐다 꼈다하기 너무 불편해요당연히 작은 사이즈 큰 사이즈 똑같을 줄 알고 제대로 안보고 주문해 잘못이죠,재구매의사반반예뻐서 마음에 드는데 뚜겅이 잘 안닫히고 닫아도 열려요,불편하네요,모던하고 바닥에 놓아둬도 깔끔가격이 싸지 않아 돈이 문제일뿐 상품은 너무 좋네요,재주문바로했어요너무 너무 너무 좋네요,,,,,
ANAL-211104-0295,0,1,못대신,박기도,혼자서,많아요,좋아요여자,2.48,2.22,2.16,2.11,1.57
ANAL-211104-0295,1,1,너무약한플라스틱사용방법에도 망치로 박는거라그래서 박고닜는데 계속 떨어지고 부서지고 겨우 매달아는 놧는데 안전성은 영 없어보입니다,완전 좋았어요,,,,,,,,
ANAL-211104-0095,0,1,만족합니다,,,,,1.37,,,,
ANAL-211104-0095,1,1,정말맘에들어요일단 알류미늄이라 튼튼하구요,잘잘렸으묜집에 니퍼없는데 사진보고 카터칼로 잘리는줄 운동하길잘했다,회사배선정리하려고주문했는데튼튼하고좋아요플라스틱으로 된건 약해서 이걸 시켰는데 깔끔하고 튼튼하고 좋습니다,제품에 만족합니다,좋네요,,,,,
ANAL-211104-0070,0,0,마스크,아이가,좋아요,아가드,갇스크,5.31,4.04,3.75,1.85,1.81
ANAL-211104-0070,1,0,무료체험마스크가 필수가 되어버린 요즘시기에 아가들은 마스크가 답답할 수 있는데 아가드 마스크는 마스크 속이 넓어서 답답해하지 않고 금방적응하는것같아요,무료체험5살 아이 편하게 착용하고 있어요너무 쫑기는 마스크보다 약간은 널널한게 좋은데이어밴드가 말랑말랑 넉넉해서 아이가 편하게 잘 착용하네요,어린이집에서 마스크 착용하며 지내다보니 오랫동안 착용해야하는데 아이가 편안하다고 좋아하고 불편함이 없어서 좋아요,9살 남아가 쓰기에 얼굴이 작아서 그런가 살짝 큰거같아요,마스크 하나가 포장불량이라 살짝 아쉬웠습니다,,,,,
ANAL-211104-0152,0,0,좋아요,너무,아기가,아직,좋네요,28.42,24.85,11.42,7.57,6.2
ANAL-211104-0152,1,0,이미 쓰던 제품이 있었는데 그것보다 무거웠네요그래도 콤펙트하게 접혀서 자리 차지하지 않고 좋네요,돌아댱기지 못하고 조으네용 휴대도 간편하고 가방이잇어서 매우 편리합니다,아직 돌이라 조금커요 그래도 간편하고 휴대하기 편하니 만족합니다,그레이 두개 살까 고민하다 선택했는데 잘한거같아요,포장이 이중으로 되어있긴 하지만 겉에 박스 포장이 부실하여 거의 열려있는 상태로 왔어요테이핑을 잘 해주시던가 포장을 더 꼼꼼하게 해주시는게 구매자한테 더 신뢰를 얻는 일이 아닐까 싶네요,,,,,
ANAL-211104-0152,0,1,너무,아기,좋아요,사용,의자,13.41,9.81,8.93,7.03,6.93
ANAL-211104-0152,1,1,집에서는 하이체어 쓰는데 휴대할게 필요해서 샀어요,외출용으로 릿첼의자 쓰다가 아기가 너무 커서 발버둥치면 넘어질까봐 얼른 바꿨어요,접고 펴기도 쉬워서 좋아요단지 아기가 아직 6개월이라 의자가 좀 큰 감이 있지만 이너시트 깔아주니 괜찮네요나중에 식판 빼면 이유식 시기 끝나도 쓸 수 있을 거 같아요,디자인도크기도튼튼함도굿하이체어가 없누 친정에 두고 사용하는데 너무 잘쓰고 있어요튼튼하고 또 접었다폈다 할수있어서 안쓸때접어둘수있으니 좋아요,8개월 아기쓰는중구매한지 한달이 다 되어가는 거 같습니다,,,,,
ANAL-211104-0060,0,1,아이가,좋아요,투명이,푹신,붙여,2.1,1.9,1.02,1.0,1.0
ANAL-211104-0060,1,1,모서리 철벽방어 아가드를제일많이사는거같아서 이번에는 투명으로 대량구매했는데 애기가 뜯어도 안뜯기고 푹신하길바래요 에어쿠션 모서리보호대도 사서 그걸로 다시붙이려고요 이건 좀 딱딱하니까 다른곳에 붙여야겠어요,튼튼하진 않은듯해요,저걸 붙여도 넘어져서 부딪히면 다칠듯,좋네요,좋아요접착력도우수해요사진과 같아요,,,,,
ANAL-211104-0270,0,0,아기가,너무,변기,아이가,좋아,9.68,7.74,6.09,5.59,5.51
ANAL-211104-0270,1,0,조카 선물하려고 샀는데 주문한 다음날 바로 받았어요,처음엔 잘안더니왔다갔다 자기맘인가봐요 이쁘고 귀여워요,뚜껑달린것도보고 아닌것들중에 고민하다가 푹신한바닥이랑 디쟈인이 제일 맘에 들어 구매하게됐어요,아기가 변기커버 잡아올리니 그냥 바로 망가졌습니다,개봉해서 닦아주니 바로 앉는 시늉하고 별 거부감 없네요,,,,,
ANAL-211104-0270,0,1,너무,아이가,변기,물내리는,좋아,7.81,6.64,6.29,4.26,3.89
ANAL-211104-0270,1,1,다 좋은데 생각보다 변기 앉는부분이 많이 작네요너무 커서 엉덩이 빠지는것 보다는 낫지만 음좀 많이 작아요,이제 자기가 응가마려우면 바지내리고 응가하고 있답니다장점 화장실 변기랑 비슷하니 흥미를 보여요 소리나니 더 재밌어해요,여아도 쉬가 밖으로 쪼금씩 나와요 그냥 배변훈련용으로만 사용해야해요,전반적으로헐거우나레버내리면물소리는끝내줌상품 허접합니다먼가 고정없이 전반적으로 헐거워요걍 장난감이다,그리고 건전지 나사구멍도 커서 나사를아무리 조여도 안되네요,,,,,
ANAL-211104-0308,0,1,다른,지지대,아기,친구,좋아요,2.53,1.23,1.1,1.0,1.0
ANAL-211104-0308,1,1,안전문 설치 길이가 길어서 아무래도 불안한거 같아 주문했어요철제삼각대라서 무게감이 있어요마무리는 굉장히 엉성합니다,이거랑 고정프레임 거의 세투세투 한몸 있어야 문이 안휘어요,튼튼합니다돌아기가 매달려도 넘어가지 않습니다열고 닫는 것도 무척 편합니다앞 뒤로 열리고 반자동이라 아기가 다칠 염려가 적습니다놀러온 친구도 보고 구매의사를 밝혔습니다,,,,,,,
ANAL-211104-0190,0,0,좋아요,깔끔하고,생각보다,뚜껑이,크기,3.17,2.37,2.11,1.93,0.97
ANAL-211104-0190,1,0,옆 손잡이부분으로 선도 뺄수있고  크기도 넉넉해 멀티탭까지 자질구레한 것들 쏙 넣을 수 있고  뚜껑이 나무라 위에 다른 소품 올려두기도 좋네요,너무 가벼운 느낌이에요,깔끔하게 잘쓰고 있습니다,화장품보관함으로 쓰고싶어서 엄청 찾아보다 구매한건데 너무 깔끔하고 좋아요,큰사이즈 사려다가 혹시 몰라서 작은사이즈로 먼저 구매했는데 정리용으로 딱이네요,,,,,
ANAL-211104-0190,0,1,물건,,,,,0.55,,,,
ANAL-211104-0190,1,1,깊이도 생각보다 깊어서 전 화장품보관하고있습니다,일단 화이트에 우드라 넘 예쁘고요 네개라 용도 구분해서 차곡차곡 담아 책장에 딱 맞게 넣었어용 더 큰사이즈도 사서 써보려구요,크기가 생각보다 작아요여성용 속옷 4개정도 넣으면 꽉차는 정도에요다른 정리함,작은물건들정리하기딱입니다책상이랑 서랍 위에 조그마한 물건들 정리하려고 샀는데 만족만족 대만족입니다,손잡이가있어서들기도아주편하고무게도가벼워서활다용도로 쓰기 좋은 수납함이 필요해서 샀는데 원목의 고급스러움이 더해 인테리어 효과도 있어서 만족스럽네요,,,,,
ANAL-211104-0113,0,1,기저귀,가방,아기,좋아요,쓰레기가,2.4,1.86,1.8,1.66,1.64
ANAL-211104-0113,1,1,가지고다니며 아이기저귀부터 간식쓰레기 등이것저것 담아버리기 좋아요,좋았을것같아요케이스는 깔끔하고 휴대하기 좋은것 같습니다,아이들과 함께 집나서면 이런저런 쓰레기가 생기는데 가까운 곳에 쓰레기통이 잘 보이지도 않고 해서 비닐팩을 하나씩 가지고 다녔었는데  따로 케이스가 없다보니 정신없음,나갈때 버리고가면 끝고리가있어서 어디든걸수있고 아담한 사이즈라 자리를 차지하지않고 가볍지만봉투의 크기가 생각보다 커서 꽤 들어가요그래서말인데요리필은 어디서 구매하면될까요,그때그때 쓰레기랑 아기 기저귀 버리기 좋습니다,,,,,
ANAL-211104-0081,0,0,좋아요,아기가,너무,사용,아주,15.16,5.2,3.4,2.86,2.59
ANAL-211104-0081,1,0,혹시나 열까봐요 오늘 첫날인데 아직 못열었어요,잘 사용하고 있습니다,아가가 온 서랍을 다 열고다녀서 집안 서랍은 다 이걸로 닫아놨어요,아이들이 못열어요,요건 제가 아직 사용법을 몰라서 그런지 사용하기 어려운같아요,,,,,
ANAL-211104-0081,0,1,쿠팡체험단,구매,이벤트로,아기,상품을,3.46,3.31,3.12,2.75,2.73
ANAL-211104-0081,1,1,비슷한 상품 구매한 적 있는데 견고하지 않고 투명한 고무 부분이 점점 색이 바래서 보기도 싫었는데 이 제품은 디자인이 보기싫지않고 깔끔해서 진짜 쏙 맘에 듭니다,아가드거는 평타 이상 하네요큰애가 돌 지나서면서 싱크대를 공략하길래식칼같은게 무서워서 막으려고 샀어요주방으로 가도 이제는 마음이 놓입니다설치할때 애먹었는데 방향 맞추는게 있더라구요,돌리기누르기 다있지만아직돌리는건못해서 누르기만하면 빠지도록해놔서 제가사용할때도 불편하지않아요진짜있는힘껏 당기는데 안빠져요,쿠팡체험단 이벤트로 상품을 무료로 제공 받아 작성한 구매 후기입니다,기존에 쓰고 있던 잠금장치는 위로 쓱 올리면 해제되어 서랍을 열수있는걸로 사용하고 있었어요,,,,,
ANAL-211104-0040,0,1,너무,좋아요,귀여워요,소리,귀엽고,3.21,3.12,2.87,1.86,1.67
ANAL-211104-0040,1,1,스크래치방지김치냉장고 개폐시 일반냉장고랑 부딪혀  냉장고 붙혔어요,접작면 필름 제거하고 위치 정해서 붙이면 끝입니다기존에 임시로 단열벽지로 문손잡이 보호대로 붙혔는데 떼어내니 페인트가 떨어져서 다음에 페인트 보수해야죠,흔한 문보호패드지만 표정이 너무 귀여워서 샀습니다,화장실문에 붚혀보니 서로 부디치는 소리가 안나서 아주 마음에들어요,이제 똥꼬발랄하게 문 열어도 소리 안나진 않지만 문 부서지는 소리 안나고 통 하고 소리 나서 좋아요,,,,,
ANAL-211104-0150,0,0,좋아요,커버,벨트도,너무,좋네요,3.86,2.72,2.06,1.97,1.71
ANAL-211104-0150,1,0,원래 있던 의자에 커버가 오래되서 바꾸고 싶었는데 교체커버만 따로 팔아서 좋네요,커버 가격 29000원일때 봤는데 가격 올라서 좀 아쉬웠어요,원래 그레이색이었는데 베이지색으로 바꾸고 벨트도 교체해주니 새상품이 되었네요,사용하다보면 아기가 매일 밥먹고 간식먹고하다보니 더러워질 수밖에 없죠,첫째 때 쓰고 둘째 때 다시 쓰려니 커버가 자꾸 헤지고 벗겨져서 구입했어요,,,,,
ANAL-211104-0150,0,1,너무,하이체어,시트,않고,바로,4.87,3.62,3.29,2.59,1.94
ANAL-211104-0150,1,1,색상이뻐요현재 베이지색이어서 같은걸 주문하려다가 잘못눌러 오팔그레이를 주문해버렸는데 색상이 이쁩니다,호환되는 제품이 있어서 좋습니다그리고 딱 맞고 예쁩니다,다른제품에호환되서좋아요빼그000 의자 커버 세탁했다가 사망하여호환된다는 리뷰를 보고 구매했어요,시트교체하고깔끔해져서저도아가도대만족입니다아가드는 아니지만 시트만 아가드로 교체했어요,이유식을 시작하면서 찾아보는 것이 바로 하이체어 의자인데요저는 아프라모 하이체어를 구매해서 사용하고 있습니다,,,,,
ANAL-211104-0275,0,0,좋아요,변기,사이즈,아직,아이가,7.22,4.19,3.2,3.03,2.63
ANAL-211104-0275,1,0,제품은 좋아요,아직 설치전 이번주 이사라서 미리 주문했는데 이쁘게 잘 맞음 좋겠어요,변기가 일반변기보다 약간작으나 사용불편함은 크게없을듯해요,좋아요,아기 배변훈련으로 유용하게 사용하고 있습다 아기가 변기에 손 놓고 앉아 있는걸 좋아하네요,,,,,
ANAL-211104-0275,0,1,변기,너무,아이,사이즈,그냥,16.97,7.1,5.67,5.51,5.05
ANAL-211104-0275,1,1,본인 변기에서는 안하시겠답니다  가끔 어른변기 쓰려 아기 변기 들어올리면 내려올때 있어요,아이가 볼일 보고싶어할때 번번히 유아용 변기 올리고 하는번거로움이 사라졌어요편해요,변기뚜껑 아이변기 어른변기  셋 다 열기가 너무 힘드네요,크기를 잘 보고 구입할 걸 그랬어요그리고 어른이 앉으면 아이 것이 기울어져 닫히려고해서 등에 딱 붙어요,너무너무너무좋아요만족해요와 너무 좋아요,,,,,
ANAL-211104-0137,0,0,좋아요,설치,튼튼,좋네요,너무,13.74,6.38,5.45,4.79,4.17
ANAL-211104-0137,1,0,아기가 신발장을 자꾸 탈출했는데 안전하게 막아줘서 좋아요,진작에 구매해서 설치할껄 그랬어요,정상설치하려면 엄청 빡빡하게 끼워줘야되는게 좋네요,현관쪽 더 구입할 생각입니다,처음받은게 불량이라 교환은 잘 해주셨는데 두번째도 받아보니 바닥쪽 잠금 자석이 잘 고정되어있진 않더라구요,,,,,
ANAL-211104-0137,0,1,너무,안전문,좋아요,설치,제품,4.81,3.5,3.21,3.11,2.89
ANAL-211104-0137,1,1,지금 급해서 쓰는중인데 상하단 이중잠금 원하는 분에겐 비추요,설치하기쉽고튼튼하게고정되는안전문설치는 간편하지만생각보다 나사를 많이 돌리긴해야하네요,아기가 현관으로 탈출하려고해서 구매했습니다,여닫음부터 견고함 등등 모두 맘에들어요,빠른배송과안전한제품입니다믿고쓰게되네여빠른 배송 감사합니다,,,,,
ANAL-211104-0187,0,0,깔끔,좋아요,정리,편해,설명,2.16,1.57,1.0,0.81,0.65
ANAL-211104-0187,1,0,화면과같아요,잘 정리해보려고 구매했어요,안쪽으로 접도록 되어 있어 빠져나갈 일도 없고 보관도 편합니다,정리하기 편해요,영수증이나 사용설명서 분류하려고 샀는데 너무 만족해요,,,,,
ANAL-211104-0187,1,1,설명서보관편해요쿠팡으로 시킨거라 배송 빠르게 바로 받았구요포켓파일에 정리하니 공간차지 안하고 넘 맘에 들어요3개 묶음이라 집에 있는 어지간한 가전제품 설명서들 싹 다 정리했네요ㅎㅎㅎ 감사합니다,넘쳐나는사용설명서한방에정리끄읕관리비 내역이랑 사용설명서가 집에 너무 많이 돌아다녀서다이소에 다녀왔으나 적당한걸 찾지 못했어요이 제품으로 정리하니까 깔끔하네요하나는 주방 가전 하나는 육아용품 하나는 관리비를 모으는 용도로 쓰니 3개 구성이 딱인 듯 합니다,설명서보관편해요쿠팡으로 시킨거라 배송 빠르게 바로 받았구요포켓파일에 정리하니 공간차지 안하고 넘 맘에 들어요3개 묶음이라 집에 있는 어지간한 가전제품 설명서들 싹 다 정리했네요 감사합니다,,,,,,,
ANAL-211104-0089,0,0,좋아요,접착력,만족,벽지,떨어,2.19,1.5,1.32,1.0,0.56
ANAL-211104-0089,1,0,반짝이가 들어간것인지는 자세히 안봐서 직접받아보고 알았네요,재구매재구매예요,알맞게 산것같고요 벽지에 붙이는거라 테이프가 떼어질때가 있는게 좀 불편하지만 벽지 뜯어지는것보다 나으니까요,몰딩에는 피스로 박고 안에 전선을 넣어 정리하니 깔끔해요,다만 접착력이 좀 약한 편이라서 자꾸 떨어지는게 아쉽습니다,,,,,
ANAL-211104-0089,0,1,좋아요,전선,깔끔,접착력이,너무,6.61,6.39,5.39,5.36,4.95
ANAL-211104-0089,1,1,그냥 일반 가위로도 잘 짤리고 선정리하니 기분 좋아짐  뭔가 정리된 느낌에 좋아요,가성비 정말 좋습니다,설치는 어렵지않아요칼로 어렵지않게 잘라져서 길이조절도 쉽습니다벽지는 종이벽지인데 페인트느낌나는 벽지라서특히 위화감없이 더 잘 어울리는 것 같아요양면테이프로 벽지에 고정하는거라 신중히 설치하시구요,좋아요,저는 실리콘을 따로 쏴서 고정시켰답니다사이즌 선하나 딱 들어가요,,,,,
ANAL-211104-0027,0,1,소리,벗겨져요,좋아요,의자,,1.74,1.37,1.0,0.29,
ANAL-211104-0027,1,1,근데 잘 벗겨져요,잘 빠지네요,마루바닦 까짐이 안생기고깜찍한 체크무늬로  귀엽기까지좋아요,자꾸 벗겨져요,너무 좋아요,,,,,
ANAL-211104-0029,0,0,좋아요,부드럽게,의자,소리,좋습니다,4.2,2.17,1.59,1.56,1.5
ANAL-211104-0029,1,0,잘받았습니다,이마트에서 구입해서 썼었는데 품절이라 같은 상품 어렵게 검색해서 구입했네요,좋네요,식탁 의자에 끼우려고 구매했는데크기도 딱 맞고 의자에 끼울때는 조금 빡빡해서 힘들었지만 끼워 놓으니 딱 맞아 좋습니다,식탁 의자에 끼우려고 샀는데 크기는 딱 맞고 끼울때 조금 뻑뻑하지만 꽉 조여있어서 빠지지 않을거 같아서 좋고 의자밀때 소리도 나지않아 좋습니다,,,,,
ANAL-211104-0029,1,1,예전부터 사용하였는데 오래되니 삭아서 재구매했어요 다른상품도 사용해보았지만 의자 뺄때두 힘들이지 않고 부드럽게 소리도 안나고 단지 사이즈가 살짝 조금만 더 컸으면하는 젤 만족하는 상품이네요,의자발에 소리때문에 여러개 다써봤는데 이게 젤 만족합니다먼지도 안붙고 소리도 안나고 좋아요추가구입하려고 다시 들어왔다가 상품평도 쓰고 갑니다,생각보다 괜찮음,완전좋아요좋아요좋아요,강추합니다의자끌림소리가확줄었어요,,,,,
ANAL-211104-0230,0,0,마스크,보관,깔끔하,,,4.65,1.29,0.82,,
ANAL-211104-0230,1,0,우드와 화이트 조합이 예술인 모노플랫 또 사러 왔습니다코로나로 마스크 쓸 일이 많아졌는데 마스크를 포장 그대로 두자니 미관상  위생적으로 안좋아보여서 구매했습니다,잘쓰는중이예요,좋아요,너무 좋은데요,마스크 보관이 편리하고 열지 않고 꺼내쓸 수 있어서 좋습니다,,,,,
ANAL-211104-0230,0,1,너무,마스크,깔끔,박스,,3.78,2.07,1.06,1.0,
ANAL-211104-0230,1,1,깔끔해서좋아요늘 피아노 상단에 마스크 박스들을 뒀는데 아무래도 벌크제품이다,마스크보관하는건데 어떻게이런상품을확인도없이걍포장해서팔면그만입니까겉에뭐가묻었다면닦아서라도쓰겠지만 마스크를담고덮는뚜껑인데이러면본인은쓰시겠어요,마스크도넉넉하게잘들어가고빼서쓰기도편하네요현관 입구에 마스크 디스펜서 있었으면 좋겠다 싶어서 구매해봤는데 아주 좋네요,,,,,,,
ANAL-211104-0033,0,0,식탁,,,,,1.74,,,,
ANAL-211104-0033,1,0,식탁을 끌 일은 별로 없지만 장판에 자국이 남지 않도록 구매했습니다,원하는 모양대로 잘라 붙일 수 있어서 좋은거 같아요,식탁 의자 움직일때 소리가 너무 커서 구매했는데 사이즈도 잘 맞고 높이도 조절되서 좋네요,매우 만족합니다,,,,,,
ANAL-211104-0033,0,1,너무,아주,좋아요,가격대비,의자,2.69,2.65,2.52,2.41,1.97
ANAL-211104-0033,1,1,원하는대로 짤라쓸수잇어 좋습니다,식탁의자 뺄때마다 드륵소리나사 아랫집 엄청 신경쓰이다라구요,의자끌림이없어져서좋네요,성질나서급하게 주문해서 아침에 붙이고나니 후련합니다역시 빠른 배송은 쿠팡덕분에 성질 나빠질 듯 해요바로바로 보내주니 다른 느린배송을 참아주지 못하니 말이죠,양이 엄청나네요,,,,,
ANAL-211104-0067,0,0,아이가,아기가,좋아요,너무,애가,5.08,3.67,2.69,1.98,1.68
ANAL-211104-0067,1,0,애가 싫어하네요,좋아요,좋아욥 좋아요,그 칫솔 끼우는 부분이 쉽게 부서지는거 같아요,칫솔모가 부드러워서 넘 빨리 망가지지만 간질간질해서 아기가 재미있어 하네요,,,,,
ANAL-211104-0067,0,1,건전지,칫솔,너무,양치,아이,7.16,6.93,6.02,5.68,5.31
ANAL-211104-0067,1,1,모가 넘 억세요,애기는좋아해서다행이네요생각했던 진동의 칫솔은 아니라서 저는 실망했는데욬딸은 불들어오고 웅웅거리는거에 좋아하더라구요엄청 치카치카 하자면 싫어하고 도망가는아기인데스스로 잡고 하네요,저는 칫솔 모가 움직이는게 좋을줄 알았는데 이 진동으로도 충분히 치아를 깨끗하게 해줄수있을것같아요진동이 끝날때까지 치카치카 해주면 돼서 따로 시간체크 할 필요가 없어서 편해요한가지 단점은 건전지 넣을때 나사를 열고 건전지 넣고 다시 나사를 조여야 한다는점이 사실 조금 불편하네요캡부분 떼고 써도 될지 몰라서 일단은 그냥 나사 조이면서 쓰고 있는데 어른용은 건전지 캡 부분이 없더라구요건전지 캡부분 그냥 버리고 써도 될까요칫솔모가 굉장히 잘 벌어져요전동칫솔 사실때 리핑용 같이 구매하시는게 좋을것같아요,16개월아기칫솔이가 나기 시작하는데 양치를 할 생각을 안해서 구입했어요그런데 역시나 싫어해요,27월아이쓰려고샀어요처음에는 칫솔모가 너무 작은거아닌가했는데아이 치아도 작고어금니 안쪽바깥쪽닦기에 너무 안성맞춤한번누름 불나오고 2번누름 진동오는데생각보다 본체진동이쎈듯해서 칫솔에 손대보니칫솔은 약해요,,,,,
ANAL-211104-0212,0,0,튼튼하고,수납,공간,사이,사용,3.65,2.37,1.65,0.58,0.49
ANAL-211104-0212,1,0,품절이라 좀 기다렸는데 생각보다 빨리 배송 받았네요,주방에 올려놓고 쓰는데 이것저것 놓고 사용하기 좋아욯 가격대비 우수한 좋은 제품 감사합니다,서랍장 위 공간 활용하려고 구매했는데 깔끔하고 튼튼해요,약간 흠이 있는 상품이 와서 별 하나 차감 합니다,원룸이라 수납 공간이나 공간 활용을 잘 해야하는데 마침 인덕션 사이즈랑 넓이가 딱 맞는거에요,,,,,
ANAL-211104-0212,0,1,좋네,,,,,1.0,,,,
ANAL-211104-0212,1,1,너무 예쁘고 좋네요,정리할때좋아요양념이랑 컵 정리하니까 좋네용 근데 장 칸이 좀 작아서 위엔 작은것들 올려놔야해요,,,,,,,,
ANAL-211104-0061,1,1,잘못시켰어요가구보다 더튀어나와서 애기가 다잡아뜯음 뜯기좋아요,흠투명보호대인데  붙이는 테잎이 흰색이라붙일때 별거 아닌데 신경 쓰였던거 외엔괜찮습니다,스티커도 전혀 안붙고 붙인곳 만 너무  툭  튀어나와서 외관상 보기도 안좋고 그냥  자 사서 붙이는 게 훨 나을듯,쓸만함,신중하세여이 상품은 코너가 튀어나와요 음 그러니까 책상코너와 딱 맞는게 아니고 중간에 쿠션공간이 있어서 약 035센치정도 밖으로 튀어나와요 그래서 저는 효율적이지 않은것 같아요  혹시 걸라면 접착을 해도 덜어질것 같아요,,,,,
ANAL-211104-0069,0,0,칫솔,아이가,좋아요,좋네요,아기가,4.05,3.4,2.31,1.79,1.77
ANAL-211104-0069,1,0,아기가 처음에 관심보여서 잘 닦더니일주일만에 외면당하고 있네요손에 크레파스 묻은채로 닦았다가 칫솔손잡이에 물 든어서 안지워져요,20개월 아이에게 칫솔모가 좀 작아요,적응하느라 시간이 좀 걸렸는데 처음에는 진동이 생소했는지 불빛만 나오게해서 하더니 이제는 버튼을 눌러 진동이 생기는걸 확인하고 스스로 물고있더라구요,진동은 아직 무서워해서 더 써봐야할거 같아요,재구매잘 사용하고 있어요,,,,,
ANAL-211104-0069,0,1,아이가,칫솔,너무,리필,0단계,2.9,2.51,2.09,2.07,1.96
ANAL-211104-0069,1,1,17개월아기칫솔이 닦으려면 입을 앙 다문 아들 이닦기기 힘들어 투투스 전동칫솔 구매 써보니까 아이가 나름 입 잘 벌려줘서 전보다 양치가 훨 수월해졌음,좋아요잘쓰고 있어요,첫 진동칫솔인데 그냥 꾸준히 칫솔모 리필해서 쓰려고 함리필모 다쓸때쯤 아이가 스스로 이닦기를 바라며,아직 양치를 잘하진 못하구 맨날 물어뜯어서 하나를 3일만 쓰면 솔이 다 벌어져 버리지만 일반칫솔보단 훨씬 편한거 같아옷,포장은 비닐팩에 담아왔는대 다른물건에 치여서그런지 비닐포장이 뜯겨져왔어요,,,,,
ANAL-211104-0235,0,0,너무,정말,생각보다,구매,좋네요,3.53,3.21,1.71,1.51,1.4
ANAL-211104-0235,1,0,아이방에 깔아줬는데 크기도 크고 두꺼워요,재구매잘받았습니다,처음에는 디자인이쁘고  시공이 편한거로 해서 구매했는데 막상 사용해보니까 정말 놀랐습니다시공 다 하고 뿌듯하게 시원한 아메리카노 땡기고 있었는데      실수로 흘려 버린거에요,전에 쓰던거는 아이가 심하게 뛰면 매트가 밀려서 계속 정리해야했는데 바닥을 보니 엠보싱처럼 쫀득쫀득한게 하나도 안밀리네요너무 좋습니다,두꺼우니까 맨발로 다녀도 푹신푹신하고 너무 좋습니다,,,,,
ANAL-211104-0235,0,1,매트,구매,쿠팡체험단,너무,아기가,7.28,4.92,4.11,4.01,3.64
ANAL-211104-0235,1,1,다만 퍼즐 테두리 부분이 다른 퍼즐매트와 조립할때 와꾸가 좀 안맞는 부분이 있는데첨부한 사진처럼 칼로 모서리 부분을 조금 짤라내면 딱 맞게 떨어집니다,너무너무강추드리는 제품이에용 쿠팡체험단 이벤트로 상품을 무료로 제공 받아 작성한 구매 후기입니다,쿠팡체험단 이벤트로 상품을 무료로 제공 받아 작성한 구매 후기입니다,아기 있는 집에 매트는 기본이죠폴더 매트 여기저기 깔고 지내는데 부엌쪽으로 좀 더 깔아두면 좋을 것 같아서 선택했어요생각보다 크기가 훨씬 커서 놀랐어요4장을 이어서 깔아봤더니 거의 폴더매트 제일 큰 사이즈만큼 하더라구요우선 좋은점은 원하는 곳에 딱 맞게 잘라서 쓸 수 있다는 점이네요그냥 작은 커터칼로 쓱쓱 잘 자를 수 있어서 평소에 눈에 거슬리던 가구랑 매트 사이에 넣었어요3장은 그대로 깔아서 놓고 1장은 원하는 크기대로 자른 후에 여기저기 썼어요다만 당연한 거지만 퍼즐을 맞추지 않고 그냥 깔면 아기가 조금만 움직여도 흐트러지네요,굳굳 쿠팡체험단 이벤트로 상품을 무료로 제공 받아 작성한 구매 후기입니다,,,,,
ANAL-211104-0034,0,1,가구,,,,,1.0,,,,
ANAL-211104-0034,1,1,조잡한접착제먼지 안묻고 미끌미끌한건 최고입니다만 접착부분이 너무 허접하네요,이런걸 돈받고 파는겁니까 허접하기 그지없네요,움직이지않는 가구에 붙이시는게 적당할듯,식탁의자 밑에 붙였는데 훨씬 부드럽게 잘움직여지네요,,,,,,
ANAL-211104-0041,0,0,좋아,좋네,,,,1.1,0.81,,,
ANAL-211104-0041,1,0,빠른배송좋아요,문 앞뒤로 장착했는데 차가운문 손잡이가 아니라 좋네요,아주 깔끔하네요,좋아요,배송도빠르고좋구요가격이좀저렴했으면많이구매했을텐대두개에택배비까지ㅡㅡ좀비싸구요ㅡㅡ두개나더구매할껄ㅡㅡ끼워보고할려고주문않했드니ㅠ아쉽네요끼우는게좀불편한거빼곤롤모양이라이쁘고잡기편해서좋습니다,,,,,
ANAL-211104-0041,0,1,손잡이에,냄새,사용,좋아,,2.36,1.16,0.48,0.42,
ANAL-211104-0041,1,1,이거손잡이에하고 문열고나면 손꼭씻고아기만져야할듯요 환불하고프나 두개세트인데 하나뜯어서 그냥 버려야겠네요,부드럽고 손잡이에서 잘 빠지지 않고 색상도 연노란색이 예쁘네요,사진보다는 약간 두툼하네요,진짜어이가없네요리뷰보니 포장 잘 되있더니 제껀 누가 사용한걸 보냈나요진짜 여기다 욕하고 싶은데 참습니다시간도 없어서 반품도 안하고 포장서비스가 정말 꽝이네요,문 안쪽에 씌워놓으니 벽에 부딪히는 소리가 안나서넘 좋습니다,,,,,
ANAL-211104-0167,0,0,깔끔하고,이뻐,화장실,,,1.81,1.22,0.59,,
ANAL-211104-0167,1,0,저희집 화장실하고 잘어울리네요,,,,,,,,,
ANAL-211104-0167,1,1,딱맞네요원하던제품굿굿굿,하나가부러져서왔네요,,,,,,,,
ANAL-211104-0049,0,0,좋아요,재구매,아기가,좋네요,모서리,123.97,42.94,31.41,25.67,24.18
ANAL-211104-0049,1,0,좋아요,재구매좋아요,좋네요,아기가 비x쥬를 잘가지고노는데 아무래도원목특성상 잘만들었다고해도 계속 박고 부딪혀서 상처나서 속상하더라고요아주만족스러워요,만족합니다,,,,,
ANAL-211104-0049,0,1,좋아요,아기가,모서리,너무,붙이,17.67,15.44,15.17,14.37,11.0
ANAL-211104-0049,1,1,필수품이네요이거 안붙였으면 이마가 몇번은 까지고 다쳤을듯침대에도 좌악 붙이고 집모서리에도 붙이고 전면책장테두리도 붙었어요단 말굽형태수준의 곡선에는 안붙어있고 떨어져 올라오네요,저만 그런가요후기사진들은 모두 금손이신가봐요부러워요제가 붙인건 지렁이 기어가요꾸불꾸불울아가가 씹고 빨고 뜯을까봐 걱정했는데 다행이도 요건 관심이 없어요한롤쓰고 세롤 남았어요슬슬 위험지역이 나타나겠지요,아이가 다칠까봐 온집안 모서리에 다 붙었네요,좋아요,넘나 필요한 이것 투명 실리콘 모서리용 쓰다가 이걸 만나니 신세계 여기 저기 쾅쾅 부딪히고 쓸키고 다칠 위험있는곳에는 쫘악 아낌없이 붙이고 또 붙이고 애가 떼어내면 또 붙이고내맘대로 잘라 쓰니 너무 편리하네요,,,,,
ANAL-211104-0090,0,0,깔끔하게,전선,만족,주문했,,1.74,1.44,1.37,1.3,
ANAL-211104-0090,1,0,만족만족,만족합니다,식탁등설치하면서 전선을 끌어와야해서 주문했는데 마음에 들어요,천장에 식탁등달면서 선을 끌어와야해서 주문했어요,TV케이블  전원선  인터텟선 등 콘센트에서 끌어 오느라 선들이 너저분했는데 전선 보호관으로 이쁘게 마감 잘 했어요,,,,,
ANAL-211104-0296,1,1,붙히는뒤에있는양면테이프접착력이엄청약해서바로상품 뒤에 붙어있는 양면테이프 접착력이 엄청 약해서 금방 떨어져요,,,,,,,,,
ANAL-211104-0050,0,0,좋아요,아기가,재구매,좋네요,모서리,109.22,30.9,27.8,27.11,22.84
ANAL-211104-0050,1,0,잘떨어지네요,재구매무난하게 잘 쓰고 있어요,재구매푹신해서 좋아요,아기가 잡아당기니 양면테입도 떨어져요,감사합니다,,,,,
ANAL-211104-0050,0,1,좋아요,아기가,모서리,너무,자꾸,32.02,22.29,19.16,18.17,14.53
ANAL-211104-0050,1,1,양면테이프도 들어있고  아주 안전해져서 마음이 편해요,테이프에서냄새가나지만폭신한게좋아여샵링크에서 통해서 구입했어요,왜떨어질까요푹신하고좋은데다른거 쓸땐 한번도 떨어진적이없는데이건 어디붙이면잘떨어져요,아가에겐아가드생각보다 많이두껍네요아가드꺼 첨에 블랙 구매해보고 폭신폭신해서 다시 재구매를한건데 고급형이라고 해서 사봣어요,아직은 관심 안가져서  뜯기전이라 멀쩡히 붙어있어요각진 커버형보단 여기저기 활용도 있고 저렴한 편이라긴것으로 구입했어요일주일후  한번에 쑥 뜯어버리네요3엠 다른테이프로 붙이니까 잘 안떨어지네요같이 나오는 테이프는 얇아서 별로에요,,,,,
ANAL-211104-0285,0,0,좋아요,너무,아직,저렴하게,아기,8.32,8.2,4.75,4.06,3.36
ANAL-211104-0285,1,0,흡착식으로 식기가 잘 붙어 사용하기 편리하고 디자인이 예쁩니다,색도예쁘고 잘쓸거같아요배송도 빨라요,생각보다 큼직하네요,좋을것같은 아쉽네요,제가 여러 실리콘 아기 흡착 식판 식기 다 사봤는데 아기가 만지면 움직이던데이건 정말 흔들림없고 좋아요엄마의 모든 생각이 다 담긴 제품이네요,,,,,
ANAL-211104-0147,0,0,너무,이유식,좋아요,하이체어,아기,16.18,13.38,7.82,7.27,6.84
ANAL-211104-0147,1,0,아기 이유식때 쓰다가 동생 물려줬는데  둘째 쓰려고 다시 구매했네요,튼튼하고 높이 조절도 되서 만족합니다,맨날 누워있는걸 싫어해서 안아주기만 했는데 의자 사고 앉히면 시야가 높고 넓어져서 그런지 확실히 덜 울어요제품 자체도 만족스럽습니다,직접 사용하고있는데 아주 좋아서 아는 동생네 선물로 보냈어요마음에 들어하네요,계속 휴대용부스터에 앉혀 먹였는데 오늘 아침에 바로 아가드 슬라이드에 앉혀 먹이는데 아가도 안정적이고 우리도 넘편하게 이유식 줬네요아주 대만족입니다,,,,,
ANAL-211104-0147,0,1,너무,좋아요,이유식,아기,의자,13.95,10.16,8.36,8.33,6.12
ANAL-211104-0147,1,1,저희 둘째는 7개월이라 이젠 추달린스쿠류 해서 분유 먹는지라 바운서에서 먹였는데 이게 더 편해요 등받이 조절되서 가격도 저렴하게 잘 샀고 배송도 제주돈데 잘왔어요,근데 요즘 이유식 먹을때 애기들이 스스로 먹으려고 해서 난리가 나는데 틈이 좀 있어서 청소하기 힘들어요,밥먹을동안 앉혀놓으면 울지않고 잘 있어요식판도 뒤에 다리에 놓을수 있고 쿠션감도 있고 부드럽게 잘 끌리고펴는것도 쉽고 너무 편리해요,진작 구매할걸 왜 이제 구매를 했는지저처럼 고민하시는 엄마들 고민하지마세요,쿠팡이 제일 저렴했어요,,,,,
ANAL-211104-0256,0,0,좋아요,매트,좋네요,아직,배송,12.45,5.77,5.44,4.35,3.73
ANAL-211104-0256,1,0,좋아요,잘쓰고있어요,깔끔하네요,괜찮아요,깔끔한게 좋습니다,,,,,
ANAL-211104-0256,0,1,좋아요,,,,,1.11,,,,
ANAL-211104-0256,1,1,롤매트용으로강추해요깔끔하고 좋아요,마음에듭니다좋습니다잘쓰겠습니다감사합니다포장꼼꼼마음에 듭니다,테이프를 바꾸는과정에서 찐득거림도 없고 좋아요,,,,,,,
ANAL-211104-0103,0,0,좋습니다,좋아요,아주,만족합니다,조아,1.78,1.7,1.31,0.96,0.79
ANAL-211104-0103,1,0,좋아요,잘감아주면 튼튼하게 고정되고 마감도 깔끔합니다,충전기 선을 물어뜯기 좋아해서 고 좋아요,조아요,빠른배송감사합니다,,,,,
ANAL-211104-0103,0,1,전선,정리,너무,좋아요,샀는데,11.75,5.92,4.64,4.07,3.68
ANAL-211104-0103,1,1,전선들을 정리하려고 샀어요좋아요,일단 정리하면 깔끔하고 청소할 때 걸리적거리지 않아서 좋아요재질이 조금 더 단단해도 좋을 것 같아요,전선 물어 뜯는 버릇은 없지만 그래도 혹시나 싶어 감았는데 강철처럼 전선을 지키지는 못하겠지만 그래도 겉에 하나 두르고 있다고 생각하니 조금은 안심이 되더라구요,배송 빠르고 좋아요,집 이사후에 정리가안되서 정리를 위해 구매햇습니다,,,,,
ANAL-211104-0293,1,1,싸게막쓰기좋아요솔직히 접착력이 너무 약해서 500g이 아니라 절반정도밖에 안되는 것 같네요 재구매의사는 없습니다,,,,,,,,,
ANAL-211104-0262,0,1,너무,방충망,좋아요,편해요,붙이,2.44,2.17,1.86,1.47,1.2
ANAL-211104-0262,1,1,좋아요다만 끈끈이 부분이 조금더 끈끈했음,좋아요,너무 좋습니다,작은 구멍 났었는데 붙이니 감쪽같네요,좋아요좋아요,,,,,
ANAL-211104-0084,0,0,좋아요,아기가,콘센트,배송,아주,8.18,3.91,2.15,1.46,1.41
ANAL-211104-0084,1,0,깔끔합니다아이가 손 넣을까봐 구매했어요깔끔하게 좋아요만족합니다좋아요좋어요좋습니다,좋아요,아기가자꾸 콘센트 구멍 만지고 물건 넣구해서 불안해서 샀아요,아기가 뺄수 있는 정도는 아니여서 쓸만하긴 해요,아기가 저지래를 하기 시작해서 샀어요,,,,,
ANAL-211104-0084,0,1,좋아요,콘센트,아기가,너무,쉽게,6.46,5.63,5.52,4.75,3.27
ANAL-211104-0084,1,1,잘 빠지는 수준이 아니라 그냥 떨어집니다,싸게 구입 잘했어요,생각보다 꽤 쓸만하다단 잊어먹기가 쉬울것은 같다,뜯어서 환불도 못하고 끼워도 계속 저절로 빠져있고 이걸 어떻게 써요이런물건 팔지 마세요짜증나서 진짜,근데 비단 이 제품만 그런건아닌것 같고 대체로 다 그렇게 나오는것 같아요이 부분만 조금 개선된다면 더할나위 없겠읍니다,,,,,
ANAL-211104-0073,0,0,아직,좋아요,머리,아기,사용하기,3.93,3.82,3.43,2.52,2.32
ANAL-211104-0073,1,0,아직 사용전이지만  소리가 되게 크거나 그런건 아니네요,흡입되고 방수되고 너무 좋아요,간편합니다,똥손이지만 아들 머리이발시켜보려고 구매했어요 소음적고 미리mm별로 구분도 되고 좋아요,조아요,,,,,
ANAL-211104-0073,1,1,투블럭해주려고샀는데너무좋아요흡입은 조금 약한듯한,우리아이전용이발기만족해요7개월된 아들을 위해 준비한 이발기이것저것 알아보다가 일반 이발기에 비해서 우리 아이가 사용하기에 장점이 많은 거 같아서 구매했어요첫 번째 머리카락 흡입이 된다이 기능이 굳이 필요할까 싶었는데요실제로 사용해보니 바닥에 머리카락도 안떨어지고머리카락 자르기도 훨씬 수월한 거 같아요두 번째 알찬 구성가운부터 빗까지 우리아이 이발을 위해 필요한 게 알차게 들어있어요우리집 거실에서 의자에 준비하면 바로 이발이 가능하더라고요세 번째 생각보다 조용하다이발기라서 아무래도 소음이 걱정됐는데요생각보다 소음이 크지 않아서 우리 아들은 크게 싫어하지 않고별로 힘들지 않게 이발할 수 있어서 좋았습니다디자인도 예쁘고 성능도 좋아서 아주 만족합니다 추천합니다,흡입이잘안됩니다,적은머리손질시아주좋아요흡입통이 작아요그래서 머리가 별로 없는 아기들용 입니다바리깡이라고 하죠이런걸 보긴 봤는데 직접 해보니 쉽지는 않네요 그래도 보조 날이 있어서 깊게 파일일은 없어서 안심하고 잘랐어요가격이 좀 바싼데 반해 흡입성능이나 흡입량은 적어 아쉬운데아기가 어리고 머리숯이 없으면 쓸만 해요,디자인 좋고 구성품좋어요 흡입력은 많이 똘어집니다 대산 없는것보다 머리날림은 적은편이간해요,,,,,
ANAL-211104-0253,1,1,펫트리움제가반자동급수기사용중인데여기가젤저렴,박스훼손 상품이지 상품에 문제 있는건 아니지않나요 급하게 필요해서 그냥 사용하지만 파손된 상품을 판매하는건 좀 아닌거 같네요,심플한디자인이마음에들어요디자인이 너무 심플해서 마음에들어요 그리고 물을 채워놓으면 알아서나와서 더 편리한것같아요 우리집 냥이도 처음에는 조금 경계하는거 같더니 어느 순간부터 자꾸 급수대근처로 가서 물을 더 잘먹는 기분이에요 ,,,,,,,
ANAL-211104-0001,0,0,좋아요,믿고,좋네요,세탁망,배송,13.72,6.25,4.16,3.85,3.66
ANAL-211104-0001,1,0,비슷한 세탁망이긴한데 모양이잡혀있어서 속옷세탁용으로 좋은듯,써봐서 비교를 못하겠네요사용하기 괜찮습니다용도가 써있는데 그냥 공용으로 사용합니다,용도별로 싸게 파니까 다이소보다 훨씬 나은거 같아요,빨래망 처음,배송도 빠르고  그물망이 얇디않고 도톰해요,,,,,
ANAL-211104-0001,0,1,속옷,세탁,좋아요,지퍼가,넣고,12.67,11.05,9.23,6.38,5.23
ANAL-211104-0001,1,1,생각보다 조금 작긴하지만 한두벌 정도는 가능할듯요 빠른배송은 정말 쵝오,생각보다 망이 두꺼워서 좋아요재질도 꺼칠하지 않구요삼각형의 모양이 잡혀있어서 속옷을 반으로접고 넣어도 공간이 남구요,했는데이렇게 금방 터질 줄은 몰랐어요타제품에 비해 조금 비싸게 받으실때에는 뭔가 좀 달라야 하지 않나요,속옷빨래하는데좋아요속옷을 손빨래 해야하는건 아는데 귀찮아서 세탁망에 넣고 돌려요,상품 잘 받았고 배달해주시는 분도 친절하셨습니다,,,,,
ANAL-211104-0307,0,0,배송,좋았,,,,1.0,0.61,,,
ANAL-211104-0307,1,0,늘쓰던제품이니다,강아지가있어 전선보호관은 필수입니다,,,,,,,,
ANAL-211104-0159,0,0,너무,좋아요,깔끔,분리수거,있어서,14.26,13.42,8.6,6.05,4.77
ANAL-211104-0159,1,0,크기도 적당하고 이뻐서 볼 때 마다 만족해요,1인가구인데 크기도 적당하고 깔끔하고 이뻐용 이거 구입한 이유가 손잡이가 있어서에요,상품 빠르고 안전하게 잘 받았어요쓰레기통 크기도 너무 적당하고 가볍고 내구성 좋네요,터치하는 부분이 넘 약하고 물건 받자마자 테스트해보니 세개 중 한개는 몇번씩 눌러야 뚜껑이 열리네요,너무 작긴하네요,,,,,
ANAL-211104-0159,0,1,있어서,너무,쓰레기,많이,뚜껑,8.4,7.98,4.93,4.45,3.88
ANAL-211104-0159,1,1,리뷰정독했는데 고장났단분들도 있고 그래서 살살터치했는데 쓰던중  세개중 하나가 안열려서 깜놀 아직은 어찌어찌열리긴하는데 고장날까봐 노심초사  혹시 고장나면 뚜껑만 따로 살수있음,스티커가 있어서 통 구분을 하기 쉬움 쿠팡체험단 이벤트로 상품을 무료로 제공 받아 작성한 구매 후기입니다,깔끔하기는 하지만 생각보다 너무 슬림하고 작아요,사이즈 딱 맞춰서 산 거라 좀 작은 느낌이지만 좋아요,쿠팡체험단 이벤트로 상품을 무료로 제공 받아 작성한 구매 후기입니다,,,,,
